2026-07-15 14:42:02,307 - __main__ - INFO - Выбран режим загрузки для породы: bulldog
2026-07-15 14:42:02,307 - dog_api - INFO - Запрос списка всех пород: https://dog.ceo/api/breeds/list/all
2026-07-15 14:42:06,819 - dog_api - INFO - Получено изображение для bulldog: https://images.dog.ceo/breeds/bulldog-boston/n02096585_4451.jpg
2026-07-15 14:42:07,661 - dog_api - INFO - Получено изображение для boston: https://images.dog.ceo/breeds/bulldog-boston/n02096585_1756.jpg
2026-07-15 14:42:08,667 - dog_api - INFO - Получено изображение для english: https://images.dog.ceo/breeds/bulldog-english/bunz.jpg
2026-07-15 14:42:09,413 - dog_api - INFO - Получено изображение для french: https://images.dog.ceo/breeds/bulldog-french/n02108915_2118.jpg
2026-07-15 14:42:09,632 - __main__ - INFO - Получено 4 ссылок на изображения.
2026-07-15 14:42:09,632 - yandex_api - INFO - Создание папки: Bulldog
2026-07-15 14:42:10,874 - yandex_api - ERROR - Ошибка при создании папки Bulldog: 409 Client Error: CONFLICT for url: https://cloud-api.yandex.net/v1/disk/resources?path=Bulldog
2026-07-15 14:42:10,876 - __main__ - ERROR - Не удалось создать папку 'Bulldog'. Загрузка невозможна.
2026-07-15 14:42:56,437 - __main__ - INFO - Выбран режим загрузки для породы: bulldog
2026-07-15 14:42:56,437 - dog_api - INFO - Запрос списка всех пород: https://dog.ceo/api/breeds/list/all
2026-07-15 14:43:04,712 - dog_api - ERROR - Не удалось получить изображение для bulldog: 504 Server Error: Gateway Timeout for url: https://dog.ceo/api/breed/bulldog/images/random
2026-07-15 14:43:10,480 - dog_api - INFO - Получено изображение для boston: https://images.dog.ceo/breeds/bulldog-boston/n02096585_4983.jpg
2026-07-15 14:43:11,224 - dog_api - INFO - Получено изображение для english: https://images.dog.ceo/breeds/bulldog-english/mami.jpg
2026-07-15 14:43:12,111 - dog_api - INFO - Получено изображение для french: https://images.dog.ceo/breeds/bulldog-french/n02108915_5337.jpg
2026-07-15 14:43:12,323 - __main__ - INFO - Получено 3 ссылок на изображения.
2026-07-15 14:43:12,323 - yandex_api - INFO - Создание папки: Bulldog
2026-07-15 14:43:13,352 - yandex_api - INFO - Папка Bulldog создана
2026-07-15 14:43:13,354 - __main__ - INFO - [1/3] Загрузка boston_n02096585_4983.jpg ...
2026-07-15 14:43:13,354 - yandex_api - INFO - Загрузка файла boston_n02096585_4983.jpg в Bulldog
2026-07-15 14:43:14,160 - yandex_api - INFO - Файл boston_n02096585_4983.jpg успешно загружен
2026-07-15 14:43:14,463 - __main__ - INFO - [2/3] Загрузка english_mami.jpg ...
2026-07-15 14:43:14,463 - yandex_api - INFO - Загрузка файла english_mami.jpg в Bulldog
2026-07-15 14:43:15,290 - yandex_api - INFO - Файл english_mami.jpg успешно загружен
2026-07-15 14:43:15,592 - __main__ - INFO - [3/3] Загрузка french_n02108915_5337.jpg ...
2026-07-15 14:43:15,592 - yandex_api - INFO - Загрузка файла french_n02108915_5337.jpg в Bulldog
2026-07-15 14:43:16,211 - yandex_api - INFO - Файл french_n02108915_5337.jpg успешно загружен
2026-07-15 14:43:16,516 - __main__ - INFO - Отчёт сохранён в results.json
2026-07-15 14:43:16,517 - __main__ - INFO - Готово! Успешно загружено 3 из 3 файлов в папку 'Bulldog'.
2026-07-15 14:43:47,132 - __main__ - INFO - Выбран режим загрузки для ВСЕХ пород
2026-07-15 14:43:47,132 - dog_api - INFO - Запрос списка всех пород: https://dog.ceo/api/breeds/list/all
2026-07-15 14:43:47,771 - dog_api - INFO - Получено 108 основных пород
2026-07-15 14:43:47,771 - dog_api - INFO - Обработка породы 1/108: affenpinscher
2026-07-15 14:43:48,299 - dog_api - INFO - Получено изображение для affenpinscher: https://images.dog.ceo/breeds/affenpinscher/n02110627_12512.jpg
2026-07-15 14:43:48,716 - dog_api - INFO - Обработка породы 2/108: african
2026-07-15 14:43:49,243 - dog_api - INFO - Получено изображение для african: https://images.dog.ceo/breeds/african-wild/n02116738_4508.jpg
2026-07-15 14:43:49,994 - dog_api - INFO - Получено изображение для wild: https://images.dog.ceo/breeds/african-wild/n02116738_500.jpg
2026-07-15 14:43:50,396 - dog_api - INFO - Обработка породы 3/108: airedale
2026-07-15 14:43:50,924 - dog_api - INFO - Получено изображение для airedale: https://images.dog.ceo/breeds/airedale/n02096051_5048.jpg
2026-07-15 14:43:51,327 - dog_api - INFO - Обработка породы 4/108: akita
2026-07-15 14:43:51,885 - dog_api - INFO - Получено изображение для akita: https://images.dog.ceo/breeds/akita/Akita_Inu_dog.jpg
2026-07-15 14:43:52,308 - dog_api - INFO - Обработка породы 5/108: appenzeller
2026-07-15 14:43:52,853 - dog_api - INFO - Получено изображение для appenzeller: https://images.dog.ceo/breeds/appenzeller/n02107908_3105.jpg
2026-07-15 14:43:53,274 - dog_api - INFO - Обработка породы 6/108: australian
2026-07-15 14:43:53,828 - dog_api - INFO - Получено изображение для australian: https://images.dog.ceo/breeds/australian-kelpie/IMG_3675.jpg
2026-07-15 14:43:54,568 - dog_api - INFO - Получено изображение для kelpie: https://images.dog.ceo/breeds/australian-kelpie/IMG_7387.jpg
2026-07-15 14:43:55,300 - dog_api - INFO - Получено изображение для shepherd: https://images.dog.ceo/breeds/australian-shepherd/pepper2.jpg
2026-07-15 14:43:55,703 - dog_api - INFO - Обработка породы 7/108: bakharwal
2026-07-15 14:43:56,246 - dog_api - INFO - Получено изображение для bakharwal: https://images.dog.ceo/breeds/bakharwal-indian/Bakharwal.jpg
2026-07-15 14:43:56,962 - dog_api - INFO - Получено изображение для indian: https://images.dog.ceo/breeds/bakharwal-indian/Bakharwal.jpg
2026-07-15 14:43:57,377 - dog_api - INFO - Обработка породы 8/108: basenji
2026-07-15 14:44:00,137 - dog_api - INFO - Получено изображение для basenji: https://images.dog.ceo/breeds/basenji/n02110806_1035.jpg
2026-07-15 14:44:00,558 - dog_api - INFO - Обработка породы 9/108: beagle
2026-07-15 14:44:02,184 - dog_api - INFO - Получено изображение для beagle: https://images.dog.ceo/breeds/beagle/homer.jpg
2026-07-15 14:44:02,588 - dog_api - INFO - Обработка породы 10/108: bluetick
2026-07-15 14:44:03,111 - dog_api - INFO - Получено изображение для bluetick: https://images.dog.ceo/breeds/bluetick/n02088632_3046.jpg
2026-07-15 14:44:03,534 - dog_api - INFO - Обработка породы 11/108: borzoi
2026-07-15 14:44:04,179 - dog_api - INFO - Получено изображение для borzoi: https://images.dog.ceo/breeds/borzoi/n02090622_6777.jpg
2026-07-15 14:44:04,583 - dog_api - INFO - Обработка породы 12/108: bouvier
2026-07-15 14:44:05,184 - dog_api - INFO - Получено изображение для bouvier: https://images.dog.ceo/breeds/bouvier/n02106382_590.jpg
2026-07-15 14:44:05,608 - dog_api - INFO - Обработка породы 13/108: boxer
2026-07-15 14:44:06,248 - dog_api - INFO - Получено изображение для boxer: https://images.dog.ceo/breeds/boxer/n02108089_10229.jpg
2026-07-15 14:44:06,671 - dog_api - INFO - Обработка породы 14/108: brabancon
2026-07-15 14:44:08,225 - dog_api - INFO - Получено изображение для brabancon: https://images.dog.ceo/breeds/brabancon/n02112706_643.jpg
2026-07-15 14:44:08,630 - dog_api - INFO - Обработка породы 15/108: briard
2026-07-15 14:44:09,179 - dog_api - INFO - Получено изображение для briard: https://images.dog.ceo/breeds/briard/n02105251_8848.jpg
2026-07-15 14:44:09,585 - dog_api - INFO - Обработка породы 16/108: buhund
2026-07-15 14:44:12,192 - dog_api - INFO - Получено изображение для buhund: https://images.dog.ceo/breeds/buhund-norwegian/hakon1.jpg
2026-07-15 14:44:15,013 - dog_api - INFO - Получено изображение для norwegian: https://images.dog.ceo/breeds/buhund-norwegian/hakon3.jpg
2026-07-15 14:44:15,418 - dog_api - INFO - Обработка породы 17/108: bulldog
2026-07-15 14:44:15,973 - dog_api - INFO - Получено изображение для bulldog: https://images.dog.ceo/breeds/bulldog-english/jager-2.jpg
2026-07-15 14:44:16,997 - dog_api - INFO - Получено изображение для boston: https://images.dog.ceo/breeds/bulldog-boston/n02096585_8323.jpg
2026-07-15 14:44:17,975 - dog_api - INFO - Получено изображение для english: https://images.dog.ceo/breeds/bulldog-english/bunz.jpg
2026-07-15 14:44:18,989 - dog_api - INFO - Получено изображение для french: https://images.dog.ceo/breeds/bulldog-french/n02108915_4160.jpg
2026-07-15 14:44:19,394 - dog_api - INFO - Обработка породы 18/108: bullterrier
2026-07-15 14:44:20,216 - dog_api - INFO - Получено изображение для bullterrier: https://images.dog.ceo/breeds/bullterrier-staffordshire/n02093256_5733.jpg
2026-07-15 14:44:21,279 - dog_api - INFO - Получено изображение для staffordshire: https://images.dog.ceo/breeds/bullterrier-staffordshire/n02093256_5654.jpg
2026-07-15 14:44:21,705 - dog_api - INFO - Обработка породы 19/108: cattledog
2026-07-15 14:44:22,533 - dog_api - INFO - Получено изображение для cattledog: https://images.dog.ceo/breeds/cattledog-australian/IMG_7057.jpg
2026-07-15 14:44:26,676 - dog_api - INFO - Получено изображение для australian: https://images.dog.ceo/breeds/cattledog-australian/IMG_4379.jpg
2026-07-15 14:44:27,082 - dog_api - INFO - Обработка породы 20/108: cavapoo
2026-07-15 14:44:27,932 - dog_api - INFO - Получено изображение для cavapoo: https://images.dog.ceo/breeds/cavapoo/lulu2.jpg
2026-07-15 14:44:28,335 - dog_api - INFO - Обработка породы 21/108: chihuahua
2026-07-15 14:44:29,247 - dog_api - INFO - Получено изображение для chihuahua: https://images.dog.ceo/breeds/chihuahua/n02085620_7738.jpg
2026-07-15 14:44:29,652 - dog_api - INFO - Обработка породы 22/108: chippiparai
2026-07-15 14:44:30,475 - dog_api - INFO - Получено изображение для chippiparai: https://images.dog.ceo/breeds/chippiparai-indian/Indian-Chippiparai.jpg
2026-07-15 14:44:31,493 - dog_api - INFO - Получено изображение для indian: https://images.dog.ceo/breeds/chippiparai-indian/Indian-Chippiparai.jpg
2026-07-15 14:44:31,896 - dog_api - INFO - Обработка породы 23/108: chow
2026-07-15 14:44:32,912 - dog_api - INFO - Получено изображение для chow: https://images.dog.ceo/breeds/chow/n02112137_2619.jpg
2026-07-15 14:44:33,319 - dog_api - INFO - Обработка породы 24/108: clumber
2026-07-15 14:44:34,230 - dog_api - INFO - Получено изображение для clumber: https://images.dog.ceo/breeds/clumber/n02101556_3556.jpg
2026-07-15 14:44:34,634 - dog_api - INFO - Обработка породы 25/108: cockapoo
2026-07-15 14:44:35,582 - dog_api - INFO - Получено изображение для cockapoo: https://images.dog.ceo/breeds/cockapoo/Guri4.jpg
2026-07-15 14:44:36,015 - dog_api - INFO - Обработка породы 26/108: collie
2026-07-15 14:44:36,859 - dog_api - INFO - Получено изображение для collie: https://images.dog.ceo/breeds/collie-border/n02106166_7454.jpg
2026-07-15 14:44:37,921 - dog_api - INFO - Получено изображение для border: https://images.dog.ceo/breeds/collie-border/n02106166_943.jpg
2026-07-15 14:44:38,326 - dog_api - INFO - Обработка породы 27/108: coonhound
2026-07-15 14:44:39,157 - dog_api - INFO - Получено изображение для coonhound: https://images.dog.ceo/breeds/coonhound/n02089078_192.jpg
2026-07-15 14:44:39,561 - dog_api - INFO - Обработка породы 28/108: corgi
2026-07-15 14:44:40,468 - dog_api - INFO - Получено изображение для corgi: https://images.dog.ceo/breeds/corgi-cardigan/n02113186_9902.jpg
2026-07-15 14:44:41,446 - dog_api - INFO - Получено изображение для cardigan: https://images.dog.ceo/breeds/corgi-cardigan/n02113186_11014.jpg
2026-07-15 14:44:41,851 - dog_api - INFO - Обработка породы 29/108: cotondetulear
2026-07-15 14:44:42,671 - dog_api - INFO - Получено изображение для cotondetulear: https://images.dog.ceo/breeds/cotondetulear/100_2397.jpg
2026-07-15 14:44:43,078 - dog_api - INFO - Обработка породы 30/108: dachshund
2026-07-15 14:44:43,877 - dog_api - INFO - Получено изображение для dachshund: https://images.dog.ceo/breeds/dachshund/dog-1018408_640.jpg
2026-07-15 14:44:44,282 - dog_api - INFO - Обработка породы 31/108: dalmatian
2026-07-15 14:44:45,135 - dog_api - INFO - Получено изображение для dalmatian: https://images.dog.ceo/breeds/dalmatian/cooper2.jpg
2026-07-15 14:44:45,539 - dog_api - INFO - Обработка породы 32/108: dane
2026-07-15 14:44:46,302 - dog_api - INFO - Получено изображение для dane: https://images.dog.ceo/breeds/dane-great/dane-5.jpg
2026-07-15 14:44:57,078 - dog_api - WARNING - Попытка 1/3 не удалась: HTTPSConnectionPool(host='dog.ceo', port=443): Read timed out. (read timeout=10). Повтор через 0.2с...
2026-07-15 14:45:07,817 - dog_api - WARNING - Попытка 2/3 не удалась: HTTPSConnectionPool(host='dog.ceo', port=443): Read timed out. (read timeout=10). Повтор через 0.2с...
2026-07-15 14:45:18,642 - dog_api - ERROR - Не удалось выполнить запрос после 3 попыток: https://dog.ceo/api/breed/dane/great/images/random
2026-07-15 14:45:18,642 - dog_api - ERROR - Не удалось получить изображение для great: HTTPSConnectionPool(host='dog.ceo', port=443): Read timed out. (read timeout=10)
2026-07-15 14:45:18,844 - dog_api - INFO - Обработка породы 33/108: danish
2026-07-15 14:45:29,425 - dog_api - WARNING - Попытка 1/3 не удалась: HTTPSConnectionPool(host='dog.ceo', port=443): Read timed out. (read timeout=10). Повтор через 0.2с...
2026-07-15 14:45:40,205 - dog_api - WARNING - Попытка 2/3 не удалась: HTTPSConnectionPool(host='dog.ceo', port=443): Read timed out. (read timeout=10). Повтор через 0.2с...
2026-07-15 14:45:50,985 - dog_api - ERROR - Не удалось выполнить запрос после 3 попыток: https://dog.ceo/api/breed/danish/images/random
2026-07-15 14:45:50,985 - dog_api - ERROR - Не удалось получить изображение для danish: HTTPSConnectionPool(host='dog.ceo', port=443): Read timed out. (read timeout=10)
2026-07-15 14:46:01,561 - dog_api - WARNING - Попытка 1/3 не удалась: HTTPSConnectionPool(host='dog.ceo', port=443): Read timed out. (read timeout=10). Повтор через 0.2с...
2026-07-15 14:46:12,361 - dog_api - WARNING - Попытка 2/3 не удалась: HTTPSConnectionPool(host='dog.ceo', port=443): Read timed out. (read timeout=10). Повтор через 0.2с...
2026-07-15 14:46:23,136 - dog_api - ERROR - Не удалось выполнить запрос после 3 попыток: https://dog.ceo/api/breed/danish/swedish-farmdog/images/random
2026-07-15 14:46:23,136 - dog_api - ERROR - Не удалось получить изображение для swedish-farmdog: HTTPSConnectionPool(host='dog.ceo', port=443): Read timed out. (read timeout=10)
2026-07-15 14:46:23,136 - dog_api - ERROR - Не удалось получить ни одного изображения для породы danish
2026-07-15 14:46:23,338 - dog_api - INFO - Обработка породы 34/108: deerhound
2026-07-15 14:46:33,974 - dog_api - WARNING - Попытка 1/3 не удалась: HTTPSConnectionPool(host='dog.ceo', port=443): Read timed out. (read timeout=10). Повтор через 0.2с...
2026-07-15 14:46:44,743 - dog_api - WARNING - Попытка 2/3 не удалась: HTTPSConnectionPool(host='dog.ceo', port=443): Read timed out. (read timeout=10). Повтор через 0.2с...
2026-07-15 14:46:55,551 - dog_api - ERROR - Не удалось выполнить запрос после 3 попыток: https://dog.ceo/api/breed/deerhound/images/random
2026-07-15 14:46:55,553 - dog_api - ERROR - Не удалось получить изображение для deerhound: HTTPSConnectionPool(host='dog.ceo', port=443): Read timed out. (read timeout=10)
2026-07-15 14:47:06,154 - dog_api - WARNING - Попытка 1/3 не удалась: HTTPSConnectionPool(host='dog.ceo', port=443): Read timed out. (read timeout=10). Повтор через 0.2с...
2026-07-15 14:47:16,694 - dog_api - WARNING - Попытка 2/3 не удалась: HTTPSConnectionPool(host='dog.ceo', port=443): Read timed out. (read timeout=10). Повтор через 0.2с...
2026-07-15 14:47:27,172 - dog_api - ERROR - Не удалось выполнить запрос после 3 попыток: https://dog.ceo/api/breed/deerhound/scottish/images/random
2026-07-15 14:47:27,172 - dog_api - ERROR - Не удалось получить изображение для scottish: HTTPSConnectionPool(host='dog.ceo', port=443): Read timed out. (read timeout=10)
2026-07-15 14:47:27,172 - dog_api - ERROR - Не удалось получить ни одного изображения для породы deerhound
2026-07-15 14:47:27,415 - dog_api - INFO - Обработка породы 35/108: dhole
2026-07-15 14:47:37,714 - dog_api - WARNING - Попытка 1/3 не удалась: HTTPSConnectionPool(host='dog.ceo', port=443): Read timed out. (read timeout=10). Повтор через 0.2с...
2026-07-15 14:47:48,536 - dog_api - WARNING - Попытка 2/3 не удалась: HTTPSConnectionPool(host='dog.ceo', port=443): Read timed out. (read timeout=10). Повтор через 0.2с...
2026-07-15 14:47:59,334 - dog_api - ERROR - Не удалось выполнить запрос после 3 попыток: https://dog.ceo/api/breed/dhole/images/random
2026-07-15 14:47:59,335 - dog_api - ERROR - Не удалось получить изображение для dhole: HTTPSConnectionPool(host='dog.ceo', port=443): Read timed out. (read timeout=10)
2026-07-15 14:47:59,335 - dog_api - ERROR - Не удалось получить ни одного изображения для породы dhole
2026-07-15 14:47:59,536 - dog_api - INFO - Обработка породы 36/108: dingo
2026-07-15 14:48:09,832 - dog_api - WARNING - Попытка 1/3 не удалась: HTTPSConnectionPool(host='dog.ceo', port=443): Read timed out. (read timeout=10). Повтор через 0.2с...
2026-07-15 14:48:20,373 - dog_api - WARNING - Попытка 2/3 не удалась: HTTPSConnectionPool(host='dog.ceo', port=443): Read timed out. (read timeout=10). Повтор через 0.2с...
2026-07-15 14:48:30,919 - dog_api - ERROR - Не удалось выполнить запрос после 3 попыток: https://dog.ceo/api/breed/dingo/images/random
2026-07-15 14:48:30,920 - dog_api - ERROR - Не удалось получить изображение для dingo: HTTPSConnectionPool(host='dog.ceo', port=443): Read timed out. (read timeout=10)
2026-07-15 14:48:30,920 - dog_api - ERROR - Не удалось получить ни одного изображения для породы dingo
2026-07-15 14:48:31,122 - dog_api - INFO - Обработка породы 37/108: doberman
2026-07-15 14:48:41,496 - dog_api - WARNING - Попытка 1/3 не удалась: HTTPSConnectionPool(host='dog.ceo', port=443): Read timed out. (read timeout=10). Повтор через 0.2с...
2026-07-15 14:48:52,045 - dog_api - WARNING - Попытка 2/3 не удалась: HTTPSConnectionPool(host='dog.ceo', port=443): Read timed out. (read timeout=10). Повтор через 0.2с...
2026-07-15 14:49:02,633 - dog_api - ERROR - Не удалось выполнить запрос после 3 попыток: https://dog.ceo/api/breed/doberman/images/random
2026-07-15 14:49:02,633 - dog_api - ERROR - Не удалось получить изображение для doberman: HTTPSConnectionPool(host='dog.ceo', port=443): Read timed out. (read timeout=10)
2026-07-15 14:49:02,633 - dog_api - ERROR - Не удалось получить ни одного изображения для породы doberman
2026-07-15 14:49:02,834 - dog_api - INFO - Обработка породы 38/108: elkhound
2026-07-15 14:49:13,194 - dog_api - WARNING - Попытка 1/3 не удалась: HTTPSConnectionPool(host='dog.ceo', port=443): Read timed out. (read timeout=10). Повтор через 0.2с...
2026-07-15 14:49:23,721 - dog_api - WARNING - Попытка 2/3 не удалась: HTTPSConnectionPool(host='dog.ceo', port=443): Read timed out. (read timeout=10). Повтор через 0.2с...
2026-07-15 14:49:34,300 - dog_api - ERROR - Не удалось выполнить запрос после 3 попыток: https://dog.ceo/api/breed/elkhound/images/random
2026-07-15 14:49:34,300 - dog_api - ERROR - Не удалось получить изображение для elkhound: HTTPSConnectionPool(host='dog.ceo', port=443): Read timed out. (read timeout=10)
2026-07-15 14:49:44,612 - dog_api - WARNING - Попытка 1/3 не удалась: HTTPSConnectionPool(host='dog.ceo', port=443): Read timed out. (read timeout=10). Повтор через 0.2с...
2026-07-15 14:49:55,184 - dog_api - WARNING - Попытка 2/3 не удалась: HTTPSConnectionPool(host='dog.ceo', port=443): Read timed out. (read timeout=10). Повтор через 0.2с...
2026-07-15 14:50:05,715 - dog_api - ERROR - Не удалось выполнить запрос после 3 попыток: https://dog.ceo/api/breed/elkhound/norwegian/images/random
2026-07-15 14:50:05,715 - dog_api - ERROR - Не удалось получить изображение для norwegian: HTTPSConnectionPool(host='dog.ceo', port=443): Read timed out. (read timeout=10)
2026-07-15 14:50:05,715 - dog_api - ERROR - Не удалось получить ни одного изображения для породы elkhound
2026-07-15 14:50:05,917 - dog_api - INFO - Обработка породы 39/108: entlebucher
2026-07-15 14:50:16,288 - dog_api - WARNING - Попытка 1/3 не удалась: HTTPSConnectionPool(host='dog.ceo', port=443): Read timed out. (read timeout=10). Повтор через 0.2с...
2026-07-15 14:50:26,803 - dog_api - WARNING - Попытка 2/3 не удалась: HTTPSConnectionPool(host='dog.ceo', port=443): Read timed out. (read timeout=10). Повтор через 0.2с...
2026-07-15 14:50:37,290 - dog_api - ERROR - Не удалось выполнить запрос после 3 попыток: https://dog.ceo/api/breed/entlebucher/images/random
2026-07-15 14:50:37,291 - dog_api - ERROR - Не удалось получить изображение для entlebucher: HTTPSConnectionPool(host='dog.ceo', port=443): Read timed out. (read timeout=10)
2026-07-15 14:50:37,291 - dog_api - ERROR - Не удалось получить ни одного изображения для породы entlebucher
2026-07-15 14:50:37,492 - dog_api - INFO - Обработка породы 40/108: eskimo
2026-07-15 14:50:47,805 - dog_api - WARNING - Попытка 1/3 не удалась: HTTPSConnectionPool(host='dog.ceo', port=443): Read timed out. (read timeout=10). Повтор через 0.2с...
2026-07-15 14:50:58,342 - dog_api - WARNING - Попытка 2/3 не удалась: HTTPSConnectionPool(host='dog.ceo', port=443): Read timed out. (read timeout=10). Повтор через 0.2с...
2026-07-15 14:51:08,850 - dog_api - ERROR - Не удалось выполнить запрос после 3 попыток: https://dog.ceo/api/breed/eskimo/images/random
2026-07-15 14:51:08,851 - dog_api - ERROR - Не удалось получить изображение для eskimo: HTTPSConnectionPool(host='dog.ceo', port=443): Read timed out. (read timeout=10)
2026-07-15 14:51:08,851 - dog_api - ERROR - Не удалось получить ни одного изображения для породы eskimo
2026-07-15 14:51:09,052 - dog_api - INFO - Обработка породы 41/108: finnish
2026-07-15 14:51:19,354 - dog_api - WARNING - Попытка 1/3 не удалась: HTTPSConnectionPool(host='dog.ceo', port=443): Read timed out. (read timeout=10). Повтор через 0.2с...
2026-07-15 14:51:29,863 - dog_api - WARNING - Попытка 2/3 не удалась: HTTPSConnectionPool(host='dog.ceo', port=443): Read timed out. (read timeout=10). Повтор через 0.2с...
2026-07-15 14:51:40,354 - dog_api - ERROR - Не удалось выполнить запрос после 3 попыток: https://dog.ceo/api/breed/finnish/images/random
2026-07-15 14:51:40,354 - dog_api - ERROR - Не удалось получить изображение для finnish: HTTPSConnectionPool(host='dog.ceo', port=443): Read timed out. (read timeout=10)
2026-07-15 14:51:50,656 - dog_api - WARNING - Попытка 1/3 не удалась: HTTPSConnectionPool(host='dog.ceo', port=443): Read timed out. (read timeout=10). Повтор через 0.2с...
2026-07-15 14:52:01,167 - dog_api - WARNING - Попытка 2/3 не удалась: HTTPSConnectionPool(host='dog.ceo', port=443): Read timed out. (read timeout=10). Повтор через 0.2с...
2026-07-15 14:52:11,745 - dog_api - ERROR - Не удалось выполнить запрос после 3 попыток: https://dog.ceo/api/breed/finnish/lapphund/images/random
2026-07-15 14:52:11,745 - dog_api - ERROR - Не удалось получить изображение для lapphund: HTTPSConnectionPool(host='dog.ceo', port=443): Read timed out. (read timeout=10)
2026-07-15 14:52:11,745 - dog_api - ERROR - Не удалось получить ни одного изображения для породы finnish
2026-07-15 14:52:11,946 - dog_api - INFO - Обработка породы 42/108: frise
2026-07-15 14:52:22,346 - dog_api - WARNING - Попытка 1/3 не удалась: HTTPSConnectionPool(host='dog.ceo', port=443): Read timed out. (read timeout=10). Повтор через 0.2с...
2026-07-15 14:52:32,862 - dog_api - WARNING - Попытка 2/3 не удалась: HTTPSConnectionPool(host='dog.ceo', port=443): Read timed out. (read timeout=10). Повтор через 0.2с...
2026-07-15 14:52:43,395 - dog_api - ERROR - Не удалось выполнить запрос после 3 попыток: https://dog.ceo/api/breed/frise/images/random
2026-07-15 14:52:43,395 - dog_api - ERROR - Не удалось получить изображение для frise: HTTPSConnectionPool(host='dog.ceo', port=443): Read timed out. (read timeout=10)
2026-07-15 14:52:54,024 - dog_api - WARNING - Попытка 1/3 не удалась: HTTPSConnectionPool(host='dog.ceo', port=443): Read timed out. (read timeout=10). Повтор через 0.2с...
2026-07-15 14:53:04,773 - dog_api - WARNING - Попытка 2/3 не удалась: HTTPSConnectionPool(host='dog.ceo', port=443): Read timed out. (read timeout=10). Повтор через 0.2с...
2026-07-15 14:53:15,257 - dog_api - ERROR - Не удалось выполнить запрос после 3 попыток: https://dog.ceo/api/breed/frise/bichon/images/random
2026-07-15 14:53:15,258 - dog_api - ERROR - Не удалось получить изображение для bichon: HTTPSConnectionPool(host='dog.ceo', port=443): Read timed out. (read timeout=10)
2026-07-15 14:53:15,258 - dog_api - ERROR - Не удалось получить ни одного изображения для породы frise
2026-07-15 14:53:15,459 - dog_api - INFO - Обработка породы 43/108: gaddi
2026-07-15 14:53:25,760 - dog_api - WARNING - Попытка 1/3 не удалась: HTTPSConnectionPool(host='dog.ceo', port=443): Read timed out. (read timeout=10). Повтор через 0.2с...
2026-07-15 14:53:36,259 - dog_api - WARNING - Попытка 2/3 не удалась: HTTPSConnectionPool(host='dog.ceo', port=443): Read timed out. (read timeout=10). Повтор через 0.2с...
2026-07-15 14:53:46,802 - dog_api - ERROR - Не удалось выполнить запрос после 3 попыток: https://dog.ceo/api/breed/gaddi/images/random
2026-07-15 14:53:46,803 - dog_api - ERROR - Не удалось получить изображение для gaddi: HTTPSConnectionPool(host='dog.ceo', port=443): Read timed out. (read timeout=10)
2026-07-15 14:53:57,111 - dog_api - WARNING - Попытка 1/3 не удалась: HTTPSConnectionPool(host='dog.ceo', port=443): Read timed out. (read timeout=10). Повтор через 0.2с...
2026-07-15 14:53:58,264 - dog_api - INFO - Получено изображение для indian: https://images.dog.ceo/breeds/gaddi-indian/Gaddi.jpg
2026-07-15 14:53:58,666 - dog_api - INFO - Обработка породы 44/108: german
2026-07-15 14:53:59,262 - dog_api - INFO - Получено изображение для german: https://images.dog.ceo/breeds/german-shepherd/n02106662_10858.jpg
2026-07-15 14:53:59,988 - dog_api - INFO - Получено изображение для shepherd: https://images.dog.ceo/breeds/german-shepherd/n02106662_16149.jpg
2026-07-15 14:54:00,393 - dog_api - INFO - Обработка породы 45/108: greyhound
2026-07-15 14:54:01,174 - dog_api - INFO - Получено изображение для greyhound: https://images.dog.ceo/breeds/greyhound-italian/n02091032_6037.jpg
2026-07-15 14:54:01,940 - dog_api - INFO - Получено изображение для indian: https://images.dog.ceo/breeds/greyhound-indian/rampur-greyhound.jpg
2026-07-15 14:54:02,787 - dog_api - INFO - Получено изображение для italian: https://images.dog.ceo/breeds/greyhound-italian/n02091032_9517.jpg
2026-07-15 14:54:03,191 - dog_api - INFO - Обработка породы 46/108: groenendael
2026-07-15 14:54:03,778 - dog_api - INFO - Получено изображение для groenendael: https://images.dog.ceo/breeds/groenendael/n02105056_2649.jpg
2026-07-15 14:54:04,209 - dog_api - INFO - Обработка породы 47/108: havanese
2026-07-15 14:54:04,749 - dog_api - INFO - Получено изображение для havanese: https://images.dog.ceo/breeds/havanese/00100trPORTRAIT_00100_BURST20191126134713895_COVER.jpg
2026-07-15 14:54:05,170 - dog_api - INFO - Обработка породы 48/108: hound
2026-07-15 14:54:05,764 - dog_api - INFO - Получено изображение для hound: https://images.dog.ceo/breeds/hound-ibizan/n02091244_3874.jpg
2026-07-15 14:54:06,523 - dog_api - INFO - Получено изображение для afghan: https://images.dog.ceo/breeds/hound-afghan/n02088094_908.jpg
2026-07-15 14:54:07,255 - dog_api - INFO - Получено изображение для basset: https://images.dog.ceo/breeds/hound-basset/n02088238_6035.jpg
2026-07-15 14:54:08,276 - dog_api - INFO - Получено изображение для blood: https://images.dog.ceo/breeds/hound-blood/n02088466_9691.jpg
2026-07-15 14:54:09,344 - dog_api - INFO - Получено изображение для english: https://images.dog.ceo/breeds/hound-english/n02089973_2300.jpg
2026-07-15 14:54:10,086 - dog_api - INFO - Получено изображение для ibizan: https://images.dog.ceo/breeds/hound-ibizan/n02091244_3425.jpg
2026-07-15 14:54:11,418 - dog_api - INFO - Получено изображение для plott: https://images.dog.ceo/breeds/hound-plott/hhh-23456.jpg
2026-07-15 14:54:12,162 - dog_api - INFO - Получено изображение для walker: https://images.dog.ceo/breeds/hound-walker/n02089867_2295.jpg
2026-07-15 14:54:12,568 - dog_api - INFO - Обработка породы 49/108: husky
2026-07-15 14:54:13,331 - dog_api - INFO - Получено изображение для husky: https://images.dog.ceo/breeds/husky/husky.jpg
2026-07-15 14:54:13,735 - dog_api - INFO - Обработка породы 50/108: keeshond
2026-07-15 14:54:14,418 - dog_api - INFO - Получено изображение для keeshond: https://images.dog.ceo/breeds/keeshond/n02112350_1050.jpg
2026-07-15 14:54:14,826 - dog_api - INFO - Обработка породы 51/108: kelpie
2026-07-15 14:54:18,401 - dog_api - INFO - Получено изображение для kelpie: https://images.dog.ceo/breeds/kelpie/n02105412_1757.jpg
2026-07-15 14:54:18,865 - dog_api - INFO - Обработка породы 52/108: kombai
2026-07-15 14:54:20,513 - dog_api - INFO - Получено изображение для kombai: https://images.dog.ceo/breeds/kombai/Kombai-indian-Dog.jpg
2026-07-15 14:54:20,938 - dog_api - INFO - Обработка породы 53/108: komondor
2026-07-15 14:54:21,469 - dog_api - INFO - Получено изображение для komondor: https://images.dog.ceo/breeds/komondor/n02105505_2156.jpg
2026-07-15 14:54:21,895 - dog_api - INFO - Обработка породы 54/108: kuvasz
2026-07-15 14:54:22,433 - dog_api - INFO - Получено изображение для kuvasz: https://images.dog.ceo/breeds/kuvasz/n02104029_525.jpg
2026-07-15 14:54:22,836 - dog_api - INFO - Обработка породы 55/108: labradoodle
2026-07-15 14:54:23,472 - dog_api - INFO - Получено изображение для labradoodle: https://images.dog.ceo/breeds/labradoodle/labradoodle-forrest.jpg
2026-07-15 14:54:23,876 - dog_api - INFO - Обработка породы 56/108: labrador
2026-07-15 14:54:24,389 - dog_api - INFO - Получено изображение для labrador: https://images.dog.ceo/breeds/labrador/n02099712_7775.jpg
2026-07-15 14:54:24,821 - dog_api - INFO - Обработка породы 57/108: leonberg
2026-07-15 14:54:28,525 - dog_api - INFO - Получено изображение для leonberg: https://images.dog.ceo/breeds/leonberg/n02111129_4682.jpg
2026-07-15 14:54:28,932 - dog_api - INFO - Обработка породы 58/108: lhasa
2026-07-15 14:54:29,501 - dog_api - INFO - Получено изображение для lhasa: https://images.dog.ceo/breeds/lhasa/n02098413_624.jpg
2026-07-15 14:54:29,924 - dog_api - INFO - Обработка породы 59/108: malamute
2026-07-15 14:54:30,433 - dog_api - INFO - Получено изображение для malamute: https://images.dog.ceo/breeds/malamute/n02110063_49.jpg
2026-07-15 14:54:30,855 - dog_api - INFO - Обработка породы 60/108: malinois
2026-07-15 14:54:31,458 - dog_api - INFO - Получено изображение для malinois: https://images.dog.ceo/breeds/malinois/n02105162_6106.jpg
2026-07-15 14:54:31,860 - dog_api - INFO - Обработка породы 61/108: maltese
2026-07-15 14:54:32,361 - dog_api - INFO - Получено изображение для maltese: https://images.dog.ceo/breeds/maltese/n02085936_2543.jpg
2026-07-15 14:54:32,785 - dog_api - INFO - Обработка породы 62/108: mastiff
2026-07-15 14:54:33,426 - dog_api - INFO - Получено изображение для mastiff: https://images.dog.ceo/breeds/mastiff-bull/n02108422_568.jpg
2026-07-15 14:54:35,504 - dog_api - INFO - Получено изображение для bull: https://images.dog.ceo/breeds/mastiff-bull/n02108422_1507.jpg
2026-07-15 14:54:36,414 - dog_api - INFO - Получено изображение для english: https://images.dog.ceo/breeds/mastiff-english/4.jpg
2026-07-15 14:54:46,946 - dog_api - WARNING - Попытка 1/3 не удалась: HTTPSConnectionPool(host='dog.ceo', port=443): Read timed out. (read timeout=10). Повтор через 0.2с...
2026-07-15 14:54:57,450 - dog_api - WARNING - Попытка 2/3 не удалась: HTTPSConnectionPool(host='dog.ceo', port=443): Read timed out. (read timeout=10). Повтор через 0.2с...
2026-07-15 14:55:07,995 - dog_api - ERROR - Не удалось выполнить запрос после 3 попыток: https://dog.ceo/api/breed/mastiff/indian/images/random
2026-07-15 14:55:07,995 - dog_api - ERROR - Не удалось получить изображение для indian: HTTPSConnectionPool(host='dog.ceo', port=443): Read timed out. (read timeout=10)
2026-07-15 14:55:18,274 - dog_api - WARNING - Попытка 1/3 не удалась: HTTPSConnectionPool(host='dog.ceo', port=443): Read timed out. (read timeout=10). Повтор через 0.2с...
2026-07-15 14:55:28,783 - dog_api - WARNING - Попытка 2/3 не удалась: HTTPSConnectionPool(host='dog.ceo', port=443): Read timed out. (read timeout=10). Повтор через 0.2с...
2026-07-15 14:55:39,325 - dog_api - ERROR - Не удалось выполнить запрос после 3 попыток: https://dog.ceo/api/breed/mastiff/tibetan/images/random
2026-07-15 14:55:39,325 - dog_api - ERROR - Не удалось получить изображение для tibetan: HTTPSConnectionPool(host='dog.ceo', port=443): Read timed out. (read timeout=10)
2026-07-15 14:55:39,526 - dog_api - INFO - Обработка породы 63/108: mexicanhairless
2026-07-15 14:55:49,853 - dog_api - WARNING - Попытка 1/3 не удалась: HTTPSConnectionPool(host='dog.ceo', port=443): Read timed out. (read timeout=10). Повтор через 0.2с...
2026-07-15 14:56:00,360 - dog_api - WARNING - Попытка 2/3 не удалась: HTTPSConnectionPool(host='dog.ceo', port=443): Read timed out. (read timeout=10). Повтор через 0.2с...
2026-07-15 14:56:10,856 - dog_api - ERROR - Не удалось выполнить запрос после 3 попыток: https://dog.ceo/api/breed/mexicanhairless/images/random
2026-07-15 14:56:10,857 - dog_api - ERROR - Не удалось получить изображение для mexicanhairless: HTTPSConnectionPool(host='dog.ceo', port=443): Read timed out. (read timeout=10)
2026-07-15 14:56:10,857 - dog_api - ERROR - Не удалось получить ни одного изображения для породы mexicanhairless
2026-07-15 14:56:11,059 - dog_api - INFO - Обработка породы 64/108: mix
2026-07-15 14:56:21,370 - dog_api - WARNING - Попытка 1/3 не удалась: HTTPSConnectionPool(host='dog.ceo', port=443): Read timed out. (read timeout=10). Повтор через 0.2с...
2026-07-15 14:56:31,899 - dog_api - WARNING - Попытка 2/3 не удалась: HTTPSConnectionPool(host='dog.ceo', port=443): Read timed out. (read timeout=10). Повтор через 0.2с...
2026-07-15 14:56:42,448 - dog_api - ERROR - Не удалось выполнить запрос после 3 попыток: https://dog.ceo/api/breed/mix/images/random
2026-07-15 14:56:42,449 - dog_api - ERROR - Не удалось получить изображение для mix: HTTPSConnectionPool(host='dog.ceo', port=443): Read timed out. (read timeout=10)
2026-07-15 14:56:42,449 - dog_api - ERROR - Не удалось получить ни одного изображения для породы mix
2026-07-15 14:56:42,663 - dog_api - INFO - Обработка породы 65/108: mountain
2026-07-15 14:56:53,033 - dog_api - WARNING - Попытка 1/3 не удалась: HTTPSConnectionPool(host='dog.ceo', port=443): Read timed out. (read timeout=10). Повтор через 0.2с...
2026-07-15 14:57:03,547 - dog_api - WARNING - Попытка 2/3 не удалась: HTTPSConnectionPool(host='dog.ceo', port=443): Read timed out. (read timeout=10). Повтор через 0.2с...
2026-07-15 14:57:14,090 - dog_api - ERROR - Не удалось выполнить запрос после 3 попыток: https://dog.ceo/api/breed/mountain/images/random
2026-07-15 14:57:14,090 - dog_api - ERROR - Не удалось получить изображение для mountain: HTTPSConnectionPool(host='dog.ceo', port=443): Read timed out. (read timeout=10)
2026-07-15 14:57:24,402 - dog_api - WARNING - Попытка 1/3 не удалась: HTTPSConnectionPool(host='dog.ceo', port=443): Read timed out. (read timeout=10). Повтор через 0.2с...
2026-07-15 14:57:34,920 - dog_api - WARNING - Попытка 2/3 не удалась: HTTPSConnectionPool(host='dog.ceo', port=443): Read timed out. (read timeout=10). Повтор через 0.2с...
2026-07-15 14:57:45,444 - dog_api - ERROR - Не удалось выполнить запрос после 3 попыток: https://dog.ceo/api/breed/mountain/bernese/images/random
2026-07-15 14:57:45,445 - dog_api - ERROR - Не удалось получить изображение для bernese: HTTPSConnectionPool(host='dog.ceo', port=443): Read timed out. (read timeout=10)
2026-07-15 14:57:55,774 - dog_api - WARNING - Попытка 1/3 не удалась: HTTPSConnectionPool(host='dog.ceo', port=443): Read timed out. (read timeout=10). Повтор через 0.2с...
2026-07-15 14:58:06,311 - dog_api - WARNING - Попытка 2/3 не удалась: HTTPSConnectionPool(host='dog.ceo', port=443): Read timed out. (read timeout=10). Повтор через 0.2с...
2026-07-15 14:58:16,875 - dog_api - ERROR - Не удалось выполнить запрос после 3 попыток: https://dog.ceo/api/breed/mountain/swiss/images/random
2026-07-15 14:58:16,875 - dog_api - ERROR - Не удалось получить изображение для swiss: HTTPSConnectionPool(host='dog.ceo', port=443): Read timed out. (read timeout=10)
2026-07-15 14:58:16,875 - dog_api - ERROR - Не удалось получить ни одного изображения для породы mountain
2026-07-15 14:58:17,077 - dog_api - INFO - Обработка породы 66/108: mudhol
2026-07-15 14:58:27,396 - dog_api - WARNING - Попытка 1/3 не удалась: HTTPSConnectionPool(host='dog.ceo', port=443): Read timed out. (read timeout=10). Повтор через 0.2с...
2026-07-15 14:58:37,932 - dog_api - WARNING - Попытка 2/3 не удалась: HTTPSConnectionPool(host='dog.ceo', port=443): Read timed out. (read timeout=10). Повтор через 0.2с...
2026-07-15 14:58:48,458 - dog_api - ERROR - Не удалось выполнить запрос после 3 попыток: https://dog.ceo/api/breed/mudhol/images/random
2026-07-15 14:58:48,458 - dog_api - ERROR - Не удалось получить изображение для mudhol: HTTPSConnectionPool(host='dog.ceo', port=443): Read timed out. (read timeout=10)
2026-07-15 14:58:58,781 - dog_api - WARNING - Попытка 1/3 не удалась: HTTPSConnectionPool(host='dog.ceo', port=443): Read timed out. (read timeout=10). Повтор через 0.2с...
2026-07-15 14:59:09,322 - dog_api - WARNING - Попытка 2/3 не удалась: HTTPSConnectionPool(host='dog.ceo', port=443): Read timed out. (read timeout=10). Повтор через 0.2с...
2026-07-15 14:59:19,854 - dog_api - ERROR - Не удалось выполнить запрос после 3 попыток: https://dog.ceo/api/breed/mudhol/indian/images/random
2026-07-15 14:59:19,854 - dog_api - ERROR - Не удалось получить изображение для indian: HTTPSConnectionPool(host='dog.ceo', port=443): Read timed out. (read timeout=10)
2026-07-15 14:59:19,855 - dog_api - ERROR - Не удалось получить ни одного изображения для породы mudhol
2026-07-15 14:59:20,062 - dog_api - INFO - Обработка породы 67/108: newfoundland
2026-07-15 14:59:30,364 - dog_api - WARNING - Попытка 1/3 не удалась: HTTPSConnectionPool(host='dog.ceo', port=443): Read timed out. (read timeout=10). Повтор через 0.2с...
2026-07-15 14:59:40,899 - dog_api - WARNING - Попытка 2/3 не удалась: HTTPSConnectionPool(host='dog.ceo', port=443): Read timed out. (read timeout=10). Повтор через 0.2с...
2026-07-15 14:59:51,413 - dog_api - ERROR - Не удалось выполнить запрос после 3 попыток: https://dog.ceo/api/breed/newfoundland/images/random
2026-07-15 14:59:51,413 - dog_api - ERROR - Не удалось получить изображение для newfoundland: HTTPSConnectionPool(host='dog.ceo', port=443): Read timed out. (read timeout=10)
2026-07-15 14:59:51,413 - dog_api - ERROR - Не удалось получить ни одного изображения для породы newfoundland
2026-07-15 14:59:51,614 - dog_api - INFO - Обработка породы 68/108: otterhound
2026-07-15 15:00:01,963 - dog_api - WARNING - Попытка 1/3 не удалась: HTTPSConnectionPool(host='dog.ceo', port=443): Read timed out. (read timeout=10). Повтор через 0.2с...
2026-07-15 15:00:12,471 - dog_api - WARNING - Попытка 2/3 не удалась: HTTPSConnectionPool(host='dog.ceo', port=443): Read timed out. (read timeout=10). Повтор через 0.2с...
2026-07-15 15:00:23,017 - dog_api - ERROR - Не удалось выполнить запрос после 3 попыток: https://dog.ceo/api/breed/otterhound/images/random
2026-07-15 15:00:23,017 - dog_api - ERROR - Не удалось получить изображение для otterhound: HTTPSConnectionPool(host='dog.ceo', port=443): Read timed out. (read timeout=10)
2026-07-15 15:00:23,018 - dog_api - ERROR - Не удалось получить ни одного изображения для породы otterhound
2026-07-15 15:00:23,227 - dog_api - INFO - Обработка породы 69/108: ovcharka
2026-07-15 15:00:33,554 - dog_api - WARNING - Попытка 1/3 не удалась: HTTPSConnectionPool(host='dog.ceo', port=443): Read timed out. (read timeout=10). Повтор через 0.2с...
2026-07-15 15:00:44,055 - dog_api - WARNING - Попытка 2/3 не удалась: HTTPSConnectionPool(host='dog.ceo', port=443): Read timed out. (read timeout=10). Повтор через 0.2с...
2026-07-15 15:00:54,582 - dog_api - ERROR - Не удалось выполнить запрос после 3 попыток: https://dog.ceo/api/breed/ovcharka/images/random
2026-07-15 15:00:54,582 - dog_api - ERROR - Не удалось получить изображение для ovcharka: HTTPSConnectionPool(host='dog.ceo', port=443): Read timed out. (read timeout=10)
2026-07-15 15:01:04,883 - dog_api - WARNING - Попытка 1/3 не удалась: HTTPSConnectionPool(host='dog.ceo', port=443): Read timed out. (read timeout=10). Повтор через 0.2с...
2026-07-15 15:01:15,420 - dog_api - WARNING - Попытка 2/3 не удалась: HTTPSConnectionPool(host='dog.ceo', port=443): Read timed out. (read timeout=10). Повтор через 0.2с...
2026-07-15 15:01:25,960 - dog_api - ERROR - Не удалось выполнить запрос после 3 попыток: https://dog.ceo/api/breed/ovcharka/caucasian/images/random
2026-07-15 15:01:25,961 - dog_api - ERROR - Не удалось получить изображение для caucasian: HTTPSConnectionPool(host='dog.ceo', port=443): Read timed out. (read timeout=10)
2026-07-15 15:01:25,961 - dog_api - ERROR - Не удалось получить ни одного изображения для породы ovcharka
2026-07-15 15:01:26,162 - dog_api - INFO - Обработка породы 70/108: papillon
2026-07-15 15:01:36,539 - dog_api - WARNING - Попытка 1/3 не удалась: HTTPSConnectionPool(host='dog.ceo', port=443): Read timed out. (read timeout=10). Повтор через 0.2с...
2026-07-15 15:01:47,106 - dog_api - WARNING - Попытка 2/3 не удалась: HTTPSConnectionPool(host='dog.ceo', port=443): Read timed out. (read timeout=10). Повтор через 0.2с...
2026-07-15 15:01:57,665 - dog_api - ERROR - Не удалось выполнить запрос после 3 попыток: https://dog.ceo/api/breed/papillon/images/random
2026-07-15 15:01:57,665 - dog_api - ERROR - Не удалось получить изображение для papillon: HTTPSConnectionPool(host='dog.ceo', port=443): Read timed out. (read timeout=10)
2026-07-15 15:01:57,665 - dog_api - ERROR - Не удалось получить ни одного изображения для породы papillon
2026-07-15 15:01:57,866 - dog_api - INFO - Обработка породы 71/108: pariah
2026-07-15 15:02:08,259 - dog_api - WARNING - Попытка 1/3 не удалась: HTTPSConnectionPool(host='dog.ceo', port=443): Read timed out. (read timeout=10). Повтор через 0.2с...
2026-07-15 15:02:18,777 - dog_api - WARNING - Попытка 2/3 не удалась: HTTPSConnectionPool(host='dog.ceo', port=443): Read timed out. (read timeout=10). Повтор через 0.2с...
2026-07-15 15:02:29,355 - dog_api - ERROR - Не удалось выполнить запрос после 3 попыток: https://dog.ceo/api/breed/pariah/images/random
2026-07-15 15:02:29,356 - dog_api - ERROR - Не удалось получить изображение для pariah: HTTPSConnectionPool(host='dog.ceo', port=443): Read timed out. (read timeout=10)
2026-07-15 15:02:39,658 - dog_api - WARNING - Попытка 1/3 не удалась: HTTPSConnectionPool(host='dog.ceo', port=443): Read timed out. (read timeout=10). Повтор через 0.2с...
2026-07-15 15:02:50,174 - dog_api - WARNING - Попытка 2/3 не удалась: HTTPSConnectionPool(host='dog.ceo', port=443): Read timed out. (read timeout=10). Повтор через 0.2с...
2026-07-15 15:03:00,706 - dog_api - ERROR - Не удалось выполнить запрос после 3 попыток: https://dog.ceo/api/breed/pariah/indian/images/random
2026-07-15 15:03:00,707 - dog_api - ERROR - Не удалось получить изображение для indian: HTTPSConnectionPool(host='dog.ceo', port=443): Read timed out. (read timeout=10)
2026-07-15 15:03:00,707 - dog_api - ERROR - Не удалось получить ни одного изображения для породы pariah
2026-07-15 15:03:00,907 - dog_api - INFO - Обработка породы 72/108: pekinese
2026-07-15 15:03:11,246 - dog_api - WARNING - Попытка 1/3 не удалась: HTTPSConnectionPool(host='dog.ceo', port=443): Read timed out. (read timeout=10). Повтор через 0.2с...
2026-07-15 15:03:21,793 - dog_api - WARNING - Попытка 2/3 не удалась: HTTPSConnectionPool(host='dog.ceo', port=443): Read timed out. (read timeout=10). Повтор через 0.2с...
2026-07-15 15:03:32,307 - dog_api - ERROR - Не удалось выполнить запрос после 3 попыток: https://dog.ceo/api/breed/pekinese/images/random
2026-07-15 15:03:32,307 - dog_api - ERROR - Не удалось получить изображение для pekinese: HTTPSConnectionPool(host='dog.ceo', port=443): Read timed out. (read timeout=10)
2026-07-15 15:03:32,307 - dog_api - ERROR - Не удалось получить ни одного изображения для породы pekinese
2026-07-15 15:03:32,509 - dog_api - INFO - Обработка породы 73/108: pembroke
2026-07-15 15:03:42,863 - dog_api - WARNING - Попытка 1/3 не удалась: HTTPSConnectionPool(host='dog.ceo', port=443): Read timed out. (read timeout=10). Повтор через 0.2с...
2026-07-15 15:03:53,350 - dog_api - WARNING - Попытка 2/3 не удалась: HTTPSConnectionPool(host='dog.ceo', port=443): Read timed out. (read timeout=10). Повтор через 0.2с...
2026-07-15 15:04:03,865 - dog_api - ERROR - Не удалось выполнить запрос после 3 попыток: https://dog.ceo/api/breed/pembroke/images/random
2026-07-15 15:04:03,865 - dog_api - ERROR - Не удалось получить изображение для pembroke: HTTPSConnectionPool(host='dog.ceo', port=443): Read timed out. (read timeout=10)
2026-07-15 15:04:03,865 - dog_api - ERROR - Не удалось получить ни одного изображения для породы pembroke
2026-07-15 15:04:04,067 - dog_api - INFO - Обработка породы 74/108: pinscher
2026-07-15 15:04:14,421 - dog_api - WARNING - Попытка 1/3 не удалась: HTTPSConnectionPool(host='dog.ceo', port=443): Read timed out. (read timeout=10). Повтор через 0.2с...
2026-07-15 15:04:24,935 - dog_api - WARNING - Попытка 2/3 не удалась: HTTPSConnectionPool(host='dog.ceo', port=443): Read timed out. (read timeout=10). Повтор через 0.2с...
2026-07-15 15:04:35,446 - dog_api - ERROR - Не удалось выполнить запрос после 3 попыток: https://dog.ceo/api/breed/pinscher/images/random
2026-07-15 15:04:35,447 - dog_api - ERROR - Не удалось получить изображение для pinscher: HTTPSConnectionPool(host='dog.ceo', port=443): Read timed out. (read timeout=10)
2026-07-15 15:04:45,751 - dog_api - WARNING - Попытка 1/3 не удалась: HTTPSConnectionPool(host='dog.ceo', port=443): Read timed out. (read timeout=10). Повтор через 0.2с...
2026-07-15 15:04:56,250 - dog_api - WARNING - Попытка 2/3 не удалась: HTTPSConnectionPool(host='dog.ceo', port=443): Read timed out. (read timeout=10). Повтор через 0.2с...
2026-07-15 15:05:06,790 - dog_api - ERROR - Не удалось выполнить запрос после 3 попыток: https://dog.ceo/api/breed/pinscher/miniature/images/random
2026-07-15 15:05:06,790 - dog_api - ERROR - Не удалось получить изображение для miniature: HTTPSConnectionPool(host='dog.ceo', port=443): Read timed out. (read timeout=10)
2026-07-15 15:05:06,790 - dog_api - ERROR - Не удалось получить ни одного изображения для породы pinscher
2026-07-15 15:05:06,992 - dog_api - INFO - Обработка породы 75/108: pitbull
2026-07-15 15:05:17,314 - dog_api - WARNING - Попытка 1/3 не удалась: HTTPSConnectionPool(host='dog.ceo', port=443): Read timed out. (read timeout=10). Повтор через 0.2с...
2026-07-15 15:05:27,823 - dog_api - WARNING - Попытка 2/3 не удалась: HTTPSConnectionPool(host='dog.ceo', port=443): Read timed out. (read timeout=10). Повтор через 0.2с...
2026-07-15 15:05:38,370 - dog_api - ERROR - Не удалось выполнить запрос после 3 попыток: https://dog.ceo/api/breed/pitbull/images/random
2026-07-15 15:05:38,371 - dog_api - ERROR - Не удалось получить изображение для pitbull: HTTPSConnectionPool(host='dog.ceo', port=443): Read timed out. (read timeout=10)
2026-07-15 15:05:38,371 - dog_api - ERROR - Не удалось получить ни одного изображения для породы pitbull
2026-07-15 15:05:38,572 - dog_api - INFO - Обработка породы 76/108: pointer
2026-07-15 15:05:48,915 - dog_api - WARNING - Попытка 1/3 не удалась: HTTPSConnectionPool(host='dog.ceo', port=443): Read timed out. (read timeout=10). Повтор через 0.2с...
2026-07-15 15:05:59,411 - dog_api - WARNING - Попытка 2/3 не удалась: HTTPSConnectionPool(host='dog.ceo', port=443): Read timed out. (read timeout=10). Повтор через 0.2с...
2026-07-15 15:06:09,930 - dog_api - ERROR - Не удалось выполнить запрос после 3 попыток: https://dog.ceo/api/breed/pointer/images/random
2026-07-15 15:06:09,930 - dog_api - ERROR - Не удалось получить изображение для pointer: HTTPSConnectionPool(host='dog.ceo', port=443): Read timed out. (read timeout=10)
2026-07-15 15:06:20,270 - dog_api - WARNING - Попытка 1/3 не удалась: HTTPSConnectionPool(host='dog.ceo', port=443): Read timed out. (read timeout=10). Повтор через 0.2с...
2026-07-15 15:06:30,783 - dog_api - WARNING - Попытка 2/3 не удалась: HTTPSConnectionPool(host='dog.ceo', port=443): Read timed out. (read timeout=10). Повтор через 0.2с...
2026-07-15 15:06:41,311 - dog_api - ERROR - Не удалось выполнить запрос после 3 попыток: https://dog.ceo/api/breed/pointer/german/images/random
2026-07-15 15:06:41,311 - dog_api - ERROR - Не удалось получить изображение для german: HTTPSConnectionPool(host='dog.ceo', port=443): Read timed out. (read timeout=10)
2026-07-15 15:06:51,618 - dog_api - WARNING - Попытка 1/3 не удалась: HTTPSConnectionPool(host='dog.ceo', port=443): Read timed out. (read timeout=10). Повтор через 0.2с...
2026-07-15 15:07:02,188 - dog_api - WARNING - Попытка 2/3 не удалась: HTTPSConnectionPool(host='dog.ceo', port=443): Read timed out. (read timeout=10). Повтор через 0.2с...
2026-07-15 15:07:12,726 - dog_api - ERROR - Не удалось выполнить запрос после 3 попыток: https://dog.ceo/api/breed/pointer/germanlonghair/images/random
2026-07-15 15:07:12,726 - dog_api - ERROR - Не удалось получить изображение для germanlonghair: HTTPSConnectionPool(host='dog.ceo', port=443): Read timed out. (read timeout=10)
2026-07-15 15:07:12,727 - dog_api - ERROR - Не удалось получить ни одного изображения для породы pointer
2026-07-15 15:07:12,944 - dog_api - INFO - Обработка породы 77/108: pomeranian
2026-07-15 15:07:23,279 - dog_api - WARNING - Попытка 1/3 не удалась: HTTPSConnectionPool(host='dog.ceo', port=443): Read timed out. (read timeout=10). Повтор через 0.2с...
2026-07-15 15:07:33,795 - dog_api - WARNING - Попытка 2/3 не удалась: HTTPSConnectionPool(host='dog.ceo', port=443): Read timed out. (read timeout=10). Повтор через 0.2с...
2026-07-15 15:07:44,354 - dog_api - ERROR - Не удалось выполнить запрос после 3 попыток: https://dog.ceo/api/breed/pomeranian/images/random
2026-07-15 15:07:44,354 - dog_api - ERROR - Не удалось получить изображение для pomeranian: HTTPSConnectionPool(host='dog.ceo', port=443): Read timed out. (read timeout=10)
2026-07-15 15:07:44,354 - dog_api - ERROR - Не удалось получить ни одного изображения для породы pomeranian
2026-07-15 15:07:44,555 - dog_api - INFO - Обработка породы 78/108: poodle
2026-07-15 15:07:54,938 - dog_api - WARNING - Попытка 1/3 не удалась: HTTPSConnectionPool(host='dog.ceo', port=443): Read timed out. (read timeout=10). Повтор через 0.2с...
2026-07-15 15:08:05,490 - dog_api - WARNING - Попытка 2/3 не удалась: HTTPSConnectionPool(host='dog.ceo', port=443): Read timed out. (read timeout=10). Повтор через 0.2с...
2026-07-15 15:08:16,037 - dog_api - ERROR - Не удалось выполнить запрос после 3 попыток: https://dog.ceo/api/breed/poodle/images/random
2026-07-15 15:08:16,038 - dog_api - ERROR - Не удалось получить изображение для poodle: HTTPSConnectionPool(host='dog.ceo', port=443): Read timed out. (read timeout=10)
2026-07-15 15:08:26,368 - dog_api - WARNING - Попытка 1/3 не удалась: HTTPSConnectionPool(host='dog.ceo', port=443): Read timed out. (read timeout=10). Повтор через 0.2с...
2026-07-15 15:08:36,874 - dog_api - WARNING - Попытка 2/3 не удалась: HTTPSConnectionPool(host='dog.ceo', port=443): Read timed out. (read timeout=10). Повтор через 0.2с...
2026-07-15 15:08:47,375 - dog_api - ERROR - Не удалось выполнить запрос после 3 попыток: https://dog.ceo/api/breed/poodle/medium/images/random
2026-07-15 15:08:47,375 - dog_api - ERROR - Не удалось получить изображение для medium: HTTPSConnectionPool(host='dog.ceo', port=443): Read timed out. (read timeout=10)
2026-07-15 15:08:57,692 - dog_api - WARNING - Попытка 1/3 не удалась: HTTPSConnectionPool(host='dog.ceo', port=443): Read timed out. (read timeout=10). Повтор через 0.2с...
2026-07-15 15:09:08,189 - dog_api - WARNING - Попытка 2/3 не удалась: HTTPSConnectionPool(host='dog.ceo', port=443): Read timed out. (read timeout=10). Повтор через 0.2с...
2026-07-15 15:09:18,729 - dog_api - ERROR - Не удалось выполнить запрос после 3 попыток: https://dog.ceo/api/breed/poodle/miniature/images/random
2026-07-15 15:09:18,730 - dog_api - ERROR - Не удалось получить изображение для miniature: HTTPSConnectionPool(host='dog.ceo', port=443): Read timed out. (read timeout=10)
2026-07-15 15:09:29,047 - dog_api - WARNING - Попытка 1/3 не удалась: HTTPSConnectionPool(host='dog.ceo', port=443): Read timed out. (read timeout=10). Повтор через 0.2с...
2026-07-15 15:09:39,571 - dog_api - WARNING - Попытка 2/3 не удалась: HTTPSConnectionPool(host='dog.ceo', port=443): Read timed out. (read timeout=10). Повтор через 0.2с...
2026-07-15 15:09:50,071 - dog_api - ERROR - Не удалось выполнить запрос после 3 попыток: https://dog.ceo/api/breed/poodle/standard/images/random
2026-07-15 15:09:50,071 - dog_api - ERROR - Не удалось получить изображение для standard: HTTPSConnectionPool(host='dog.ceo', port=443): Read timed out. (read timeout=10)
2026-07-15 15:10:00,381 - dog_api - WARNING - Попытка 1/3 не удалась: HTTPSConnectionPool(host='dog.ceo', port=443): Read timed out. (read timeout=10). Повтор через 0.2с...
2026-07-15 15:10:10,871 - dog_api - WARNING - Попытка 2/3 не удалась: HTTPSConnectionPool(host='dog.ceo', port=443): Read timed out. (read timeout=10). Повтор через 0.2с...
2026-07-15 15:10:21,390 - dog_api - ERROR - Не удалось выполнить запрос после 3 попыток: https://dog.ceo/api/breed/poodle/toy/images/random
2026-07-15 15:10:21,391 - dog_api - ERROR - Не удалось получить изображение для toy: HTTPSConnectionPool(host='dog.ceo', port=443): Read timed out. (read timeout=10)
2026-07-15 15:10:21,391 - dog_api - ERROR - Не удалось получить ни одного изображения для породы poodle
2026-07-15 15:10:21,592 - dog_api - INFO - Обработка породы 79/108: pug
2026-07-15 15:10:31,910 - dog_api - WARNING - Попытка 1/3 не удалась: HTTPSConnectionPool(host='dog.ceo', port=443): Read timed out. (read timeout=10). Повтор через 0.2с...
2026-07-15 15:10:42,425 - dog_api - WARNING - Попытка 2/3 не удалась: HTTPSConnectionPool(host='dog.ceo', port=443): Read timed out. (read timeout=10). Повтор через 0.2с...
2026-07-15 15:10:52,918 - dog_api - ERROR - Не удалось выполнить запрос после 3 попыток: https://dog.ceo/api/breed/pug/images/random
2026-07-15 15:10:52,919 - dog_api - ERROR - Не удалось получить изображение для pug: HTTPSConnectionPool(host='dog.ceo', port=443): Read timed out. (read timeout=10)
2026-07-15 15:10:52,919 - dog_api - ERROR - Не удалось получить ни одного изображения для породы pug
2026-07-15 15:10:53,138 - dog_api - INFO - Обработка породы 80/108: puggle
2026-07-15 15:11:03,470 - dog_api - WARNING - Попытка 1/3 не удалась: HTTPSConnectionPool(host='dog.ceo', port=443): Read timed out. (read timeout=10). Повтор через 0.2с...
2026-07-15 15:11:13,986 - dog_api - WARNING - Попытка 2/3 не удалась: HTTPSConnectionPool(host='dog.ceo', port=443): Read timed out. (read timeout=10). Повтор через 0.2с...
2026-07-15 15:11:24,502 - dog_api - ERROR - Не удалось выполнить запрос после 3 попыток: https://dog.ceo/api/breed/puggle/images/random
2026-07-15 15:11:24,503 - dog_api - ERROR - Не удалось получить изображение для puggle: HTTPSConnectionPool(host='dog.ceo', port=443): Read timed out. (read timeout=10)
2026-07-15 15:11:24,503 - dog_api - ERROR - Не удалось получить ни одного изображения для породы puggle
2026-07-15 15:11:24,704 - dog_api - INFO - Обработка породы 81/108: pyrenees
2026-07-15 15:11:35,013 - dog_api - WARNING - Попытка 1/3 не удалась: HTTPSConnectionPool(host='dog.ceo', port=443): Read timed out. (read timeout=10). Повтор через 0.2с...
2026-07-15 15:11:45,528 - dog_api - WARNING - Попытка 2/3 не удалась: HTTPSConnectionPool(host='dog.ceo', port=443): Read timed out. (read timeout=10). Повтор через 0.2с...
2026-07-15 15:11:56,058 - dog_api - ERROR - Не удалось выполнить запрос после 3 попыток: https://dog.ceo/api/breed/pyrenees/images/random
2026-07-15 15:11:56,059 - dog_api - ERROR - Не удалось получить изображение для pyrenees: HTTPSConnectionPool(host='dog.ceo', port=443): Read timed out. (read timeout=10)
2026-07-15 15:11:56,059 - dog_api - ERROR - Не удалось получить ни одного изображения для породы pyrenees
2026-07-15 15:11:56,261 - dog_api - INFO - Обработка породы 82/108: rajapalayam
2026-07-15 15:12:06,646 - dog_api - WARNING - Попытка 1/3 не удалась: HTTPSConnectionPool(host='dog.ceo', port=443): Read timed out. (read timeout=10). Повтор через 0.2с...
2026-07-15 15:12:17,209 - dog_api - WARNING - Попытка 2/3 не удалась: HTTPSConnectionPool(host='dog.ceo', port=443): Read timed out. (read timeout=10). Повтор через 0.2с...
2026-07-15 15:12:27,753 - dog_api - ERROR - Не удалось выполнить запрос после 3 попыток: https://dog.ceo/api/breed/rajapalayam/images/random
2026-07-15 15:12:27,754 - dog_api - ERROR - Не удалось получить изображение для rajapalayam: HTTPSConnectionPool(host='dog.ceo', port=443): Read timed out. (read timeout=10)
2026-07-15 15:12:38,064 - dog_api - WARNING - Попытка 1/3 не удалась: HTTPSConnectionPool(host='dog.ceo', port=443): Read timed out. (read timeout=10). Повтор через 0.2с...
2026-07-15 15:12:48,628 - dog_api - WARNING - Попытка 2/3 не удалась: HTTPSConnectionPool(host='dog.ceo', port=443): Read timed out. (read timeout=10). Повтор через 0.2с...
2026-07-15 15:12:59,132 - dog_api - ERROR - Не удалось выполнить запрос после 3 попыток: https://dog.ceo/api/breed/rajapalayam/indian/images/random
2026-07-15 15:12:59,133 - dog_api - ERROR - Не удалось получить изображение для indian: HTTPSConnectionPool(host='dog.ceo', port=443): Read timed out. (read timeout=10)
2026-07-15 15:12:59,133 - dog_api - ERROR - Не удалось получить ни одного изображения для породы rajapalayam
2026-07-15 15:12:59,351 - dog_api - INFO - Обработка породы 83/108: redbone
2026-07-15 15:13:09,663 - dog_api - WARNING - Попытка 1/3 не удалась: HTTPSConnectionPool(host='dog.ceo', port=443): Read timed out. (read timeout=10). Повтор через 0.2с...
2026-07-15 15:13:20,198 - dog_api - WARNING - Попытка 2/3 не удалась: HTTPSConnectionPool(host='dog.ceo', port=443): Read timed out. (read timeout=10). Повтор через 0.2с...
2026-07-15 15:13:30,743 - dog_api - ERROR - Не удалось выполнить запрос после 3 попыток: https://dog.ceo/api/breed/redbone/images/random
2026-07-15 15:13:30,744 - dog_api - ERROR - Не удалось получить изображение для redbone: HTTPSConnectionPool(host='dog.ceo', port=443): Read timed out. (read timeout=10)
2026-07-15 15:13:30,744 - dog_api - ERROR - Не удалось получить ни одного изображения для породы redbone
2026-07-15 15:13:30,945 - dog_api - INFO - Обработка породы 84/108: retriever
2026-07-15 15:13:41,288 - dog_api - WARNING - Попытка 1/3 не удалась: HTTPSConnectionPool(host='dog.ceo', port=443): Read timed out. (read timeout=10). Повтор через 0.2с...
2026-07-15 15:13:51,810 - dog_api - WARNING - Попытка 2/3 не удалась: HTTPSConnectionPool(host='dog.ceo', port=443): Read timed out. (read timeout=10). Повтор через 0.2с...
2026-07-15 15:14:02,325 - dog_api - ERROR - Не удалось выполнить запрос после 3 попыток: https://dog.ceo/api/breed/retriever/images/random
2026-07-15 15:14:02,325 - dog_api - ERROR - Не удалось получить изображение для retriever: HTTPSConnectionPool(host='dog.ceo', port=443): Read timed out. (read timeout=10)
2026-07-15 15:14:12,655 - dog_api - WARNING - Попытка 1/3 не удалась: HTTPSConnectionPool(host='dog.ceo', port=443): Read timed out. (read timeout=10). Повтор через 0.2с...
2026-07-15 15:14:13,572 - dog_api - INFO - Получено изображение для chesapeake: https://images.dog.ceo/breeds/retriever-chesapeake/n02099849_2133.jpg
2026-07-15 15:14:14,571 - dog_api - INFO - Получено изображение для curly: https://images.dog.ceo/breeds/retriever-curly/n02099429_3077.jpg
2026-07-15 15:14:15,580 - dog_api - INFO - Получено изображение для flatcoated: https://images.dog.ceo/breeds/retriever-flatcoated/n02099267_4331.jpg
2026-07-15 15:14:16,331 - dog_api - INFO - Получено изображение для golden: https://images.dog.ceo/breeds/retriever-golden/n02099601_70.jpg
2026-07-15 15:14:16,767 - dog_api - INFO - Обработка породы 85/108: ridgeback
2026-07-15 15:14:17,492 - dog_api - INFO - Получено изображение для ridgeback: https://images.dog.ceo/breeds/ridgeback-rhodesian/n02087394_10418.jpg
2026-07-15 15:14:18,530 - dog_api - INFO - Получено изображение для rhodesian: https://images.dog.ceo/breeds/ridgeback-rhodesian/n02087394_1274.jpg
2026-07-15 15:14:18,936 - dog_api - INFO - Обработка породы 86/108: rottweiler
2026-07-15 15:14:19,555 - dog_api - INFO - Получено изображение для rottweiler: https://images.dog.ceo/breeds/rottweiler/n02106550_7419.jpg
2026-07-15 15:14:19,975 - dog_api - INFO - Обработка породы 87/108: rough
2026-07-15 15:14:20,564 - dog_api - INFO - Получено изображение для rough: https://images.dog.ceo/breeds/rough-collie/collie-rough.jpg
2026-07-15 15:14:21,567 - dog_api - INFO - Получено изображение для collie: https://images.dog.ceo/breeds/rough-collie/1Dog-rough-collie-portrait.jpg
2026-07-15 15:14:21,972 - dog_api - INFO - Обработка породы 88/108: saluki
2026-07-15 15:14:22,628 - dog_api - INFO - Получено изображение для saluki: https://images.dog.ceo/breeds/saluki/n02091831_5692.jpg
2026-07-15 15:14:23,045 - dog_api - INFO - Обработка породы 89/108: samoyed
2026-07-15 15:14:23,735 - dog_api - INFO - Получено изображение для samoyed: https://images.dog.ceo/breeds/samoyed/n02111889_6249.jpg
2026-07-15 15:14:24,158 - dog_api - INFO - Обработка породы 90/108: schipperke
2026-07-15 15:14:24,747 - dog_api - INFO - Получено изображение для schipperke: https://images.dog.ceo/breeds/schipperke/n02104365_9489.jpg
2026-07-15 15:14:25,152 - dog_api - INFO - Обработка породы 91/108: schnauzer
2026-07-15 15:14:25,672 - dog_api - INFO - Получено изображение для schnauzer: https://images.dog.ceo/breeds/schnauzer-giant/n02097130_3277.jpg
2026-07-15 15:14:26,626 - dog_api - INFO - Получено изображение для giant: https://images.dog.ceo/breeds/schnauzer-giant/n02097130_6156.jpg
2026-07-15 15:14:27,350 - dog_api - INFO - Получено изображение для miniature: https://images.dog.ceo/breeds/schnauzer-miniature/n02097047_2002.jpg
2026-07-15 15:14:27,756 - dog_api - INFO - Обработка породы 92/108: segugio
2026-07-15 15:14:28,562 - dog_api - INFO - Получено изображение для segugio: https://images.dog.ceo/breeds/segugio-italian/n02090722_002.jpg
2026-07-15 15:14:29,566 - dog_api - INFO - Получено изображение для italian: https://images.dog.ceo/breeds/segugio-italian/n02090722_001.jpg
2026-07-15 15:14:29,971 - dog_api - INFO - Обработка породы 93/108: setter
2026-07-15 15:14:30,569 - dog_api - INFO - Получено изображение для setter: https://images.dog.ceo/breeds/setter-english/n02100735_5821.jpg
2026-07-15 15:14:31,602 - dog_api - INFO - Получено изображение для english: https://images.dog.ceo/breeds/setter-english/n02100735_1534.jpg
2026-07-15 15:14:32,359 - dog_api - INFO - Получено изображение для gordon: https://images.dog.ceo/breeds/setter-gordon/n02101006_4807.jpg
2026-07-15 15:14:33,086 - dog_api - INFO - Получено изображение для irish: https://images.dog.ceo/breeds/setter-irish/n02100877_6462.jpg
2026-07-15 15:14:33,492 - dog_api - INFO - Обработка породы 94/108: sharpei
2026-07-15 15:14:34,612 - dog_api - INFO - Получено изображение для sharpei: https://images.dog.ceo/breeds/sharpei/noel.jpg
2026-07-15 15:14:35,032 - dog_api - INFO - Обработка породы 95/108: sheepdog
2026-07-15 15:14:35,604 - dog_api - INFO - Получено изображение для sheepdog: https://images.dog.ceo/breeds/sheepdog-english/n02105641_8556.jpg
2026-07-15 15:14:36,603 - dog_api - INFO - Получено изображение для english: https://images.dog.ceo/breeds/sheepdog-english/n02105641_1815.jpg
2026-07-15 15:14:37,377 - dog_api - INFO - Получено изображение для indian: https://images.dog.ceo/breeds/sheepdog-indian/Himalayan_Sheepdog.jpg
2026-07-15 15:14:38,095 - dog_api - INFO - Получено изображение для shetland: https://images.dog.ceo/breeds/sheepdog-shetland/n02105855_4302.jpg
2026-07-15 15:14:38,509 - dog_api - INFO - Обработка породы 96/108: shiba
2026-07-15 15:14:39,046 - dog_api - INFO - Получено изображение для shiba: https://images.dog.ceo/breeds/shiba/shiba-12.jpg
2026-07-15 15:14:39,465 - dog_api - INFO - Обработка породы 97/108: shihtzu
2026-07-15 15:14:40,591 - dog_api - INFO - Получено изображение для shihtzu: https://images.dog.ceo/breeds/shihtzu/n02086240_3827.jpg
2026-07-15 15:14:41,013 - dog_api - INFO - Обработка породы 98/108: spaniel
2026-07-15 15:14:41,601 - dog_api - INFO - Получено изображение для spaniel: https://images.dog.ceo/breeds/spaniel-blenheim/n02086646_2778.jpg
2026-07-15 15:14:42,296 - dog_api - INFO - Получено изображение для blenheim: https://images.dog.ceo/breeds/spaniel-blenheim/n02086646_4148.jpg
2026-07-15 15:14:43,016 - dog_api - INFO - Получено изображение для brittany: https://images.dog.ceo/breeds/spaniel-brittany/n02101388_6081.jpg
2026-07-15 15:14:53,518 - dog_api - WARNING - Попытка 1/3 не удалась: HTTPSConnectionPool(host='dog.ceo', port=443): Read timed out. (read timeout=10). Повтор через 0.2с...
2026-07-15 15:15:04,026 - dog_api - WARNING - Попытка 2/3 не удалась: HTTPSConnectionPool(host='dog.ceo', port=443): Read timed out. (read timeout=10). Повтор через 0.2с...
2026-07-15 15:15:14,548 - dog_api - ERROR - Не удалось выполнить запрос после 3 попыток: https://dog.ceo/api/breed/spaniel/cocker/images/random
2026-07-15 15:15:14,548 - dog_api - ERROR - Не удалось получить изображение для cocker: HTTPSConnectionPool(host='dog.ceo', port=443): Read timed out. (read timeout=10)
2026-07-15 15:15:24,846 - dog_api - WARNING - Попытка 1/3 не удалась: HTTPSConnectionPool(host='dog.ceo', port=443): Read timed out. (read timeout=10). Повтор через 0.2с...
2026-07-15 15:15:35,347 - dog_api - WARNING - Попытка 2/3 не удалась: HTTPSConnectionPool(host='dog.ceo', port=443): Read timed out. (read timeout=10). Повтор через 0.2с...
2026-07-15 15:15:45,871 - dog_api - ERROR - Не удалось выполнить запрос после 3 попыток: https://dog.ceo/api/breed/spaniel/irish/images/random
2026-07-15 15:15:45,871 - dog_api - ERROR - Не удалось получить изображение для irish: HTTPSConnectionPool(host='dog.ceo', port=443): Read timed out. (read timeout=10)
2026-07-15 15:15:56,224 - dog_api - WARNING - Попытка 1/3 не удалась: HTTPSConnectionPool(host='dog.ceo', port=443): Read timed out. (read timeout=10). Повтор через 0.2с...
2026-07-15 15:16:06,739 - dog_api - WARNING - Попытка 2/3 не удалась: HTTPSConnectionPool(host='dog.ceo', port=443): Read timed out. (read timeout=10). Повтор через 0.2с...
2026-07-15 15:16:17,262 - dog_api - ERROR - Не удалось выполнить запрос после 3 попыток: https://dog.ceo/api/breed/spaniel/japanese/images/random
2026-07-15 15:16:17,262 - dog_api - ERROR - Не удалось получить изображение для japanese: HTTPSConnectionPool(host='dog.ceo', port=443): Read timed out. (read timeout=10)
2026-07-15 15:16:27,582 - dog_api - WARNING - Попытка 1/3 не удалась: HTTPSConnectionPool(host='dog.ceo', port=443): Read timed out. (read timeout=10). Повтор через 0.2с...
2026-07-15 15:16:38,117 - dog_api - WARNING - Попытка 2/3 не удалась: HTTPSConnectionPool(host='dog.ceo', port=443): Read timed out. (read timeout=10). Повтор через 0.2с...
2026-07-15 15:16:48,607 - dog_api - ERROR - Не удалось выполнить запрос после 3 попыток: https://dog.ceo/api/breed/spaniel/sussex/images/random
2026-07-15 15:16:48,608 - dog_api - ERROR - Не удалось получить изображение для sussex: HTTPSConnectionPool(host='dog.ceo', port=443): Read timed out. (read timeout=10)
2026-07-15 15:16:58,933 - dog_api - WARNING - Попытка 1/3 не удалась: HTTPSConnectionPool(host='dog.ceo', port=443): Read timed out. (read timeout=10). Повтор через 0.2с...
2026-07-15 15:17:09,418 - dog_api - WARNING - Попытка 2/3 не удалась: HTTPSConnectionPool(host='dog.ceo', port=443): Read timed out. (read timeout=10). Повтор через 0.2с...
2026-07-15 15:17:19,923 - dog_api - ERROR - Не удалось выполнить запрос после 3 попыток: https://dog.ceo/api/breed/spaniel/welsh/images/random
2026-07-15 15:17:19,923 - dog_api - ERROR - Не удалось получить изображение для welsh: HTTPSConnectionPool(host='dog.ceo', port=443): Read timed out. (read timeout=10)
2026-07-15 15:17:20,126 - dog_api - INFO - Обработка породы 99/108: spitz
2026-07-15 15:17:30,508 - dog_api - WARNING - Попытка 1/3 не удалась: HTTPSConnectionPool(host='dog.ceo', port=443): Read timed out. (read timeout=10). Повтор через 0.2с...
2026-07-15 15:17:41,047 - dog_api - WARNING - Попытка 2/3 не удалась: HTTPSConnectionPool(host='dog.ceo', port=443): Read timed out. (read timeout=10). Повтор через 0.2с...
2026-07-15 15:17:51,569 - dog_api - ERROR - Не удалось выполнить запрос после 3 попыток: https://dog.ceo/api/breed/spitz/images/random
2026-07-15 15:17:51,570 - dog_api - ERROR - Не удалось получить изображение для spitz: HTTPSConnectionPool(host='dog.ceo', port=443): Read timed out. (read timeout=10)
2026-07-15 15:18:01,922 - dog_api - WARNING - Попытка 1/3 не удалась: HTTPSConnectionPool(host='dog.ceo', port=443): Read timed out. (read timeout=10). Повтор через 0.2с...
2026-07-15 15:18:12,456 - dog_api - WARNING - Попытка 2/3 не удалась: HTTPSConnectionPool(host='dog.ceo', port=443): Read timed out. (read timeout=10). Повтор через 0.2с...
2026-07-15 15:18:23,011 - dog_api - ERROR - Не удалось выполнить запрос после 3 попыток: https://dog.ceo/api/breed/spitz/indian/images/random
2026-07-15 15:18:23,011 - dog_api - ERROR - Не удалось получить изображение для indian: HTTPSConnectionPool(host='dog.ceo', port=443): Read timed out. (read timeout=10)
2026-07-15 15:18:33,317 - dog_api - WARNING - Попытка 1/3 не удалась: HTTPSConnectionPool(host='dog.ceo', port=443): Read timed out. (read timeout=10). Повтор через 0.2с...
2026-07-15 15:18:43,856 - dog_api - WARNING - Попытка 2/3 не удалась: HTTPSConnectionPool(host='dog.ceo', port=443): Read timed out. (read timeout=10). Повтор через 0.2с...
2026-07-15 15:18:54,375 - dog_api - ERROR - Не удалось выполнить запрос после 3 попыток: https://dog.ceo/api/breed/spitz/japanese/images/random
2026-07-15 15:18:54,376 - dog_api - ERROR - Не удалось получить изображение для japanese: HTTPSConnectionPool(host='dog.ceo', port=443): Read timed out. (read timeout=10)
2026-07-15 15:18:54,376 - dog_api - ERROR - Не удалось получить ни одного изображения для породы spitz
2026-07-15 15:18:54,577 - dog_api - INFO - Обработка породы 100/108: springer
2026-07-15 15:19:04,892 - dog_api - WARNING - Попытка 1/3 не удалась: HTTPSConnectionPool(host='dog.ceo', port=443): Read timed out. (read timeout=10). Повтор через 0.2с...
2026-07-15 15:19:15,408 - dog_api - WARNING - Попытка 2/3 не удалась: HTTPSConnectionPool(host='dog.ceo', port=443): Read timed out. (read timeout=10). Повтор через 0.2с...
2026-07-15 15:19:16,308 - dog_api - INFO - Получено изображение для springer: https://images.dog.ceo/breeds/springer-english/n02102040_2836.jpg
2026-07-15 15:19:17,006 - dog_api - INFO - Получено изображение для english: https://images.dog.ceo/breeds/springer-english/n02102040_6473.jpg
2026-07-15 15:19:17,411 - dog_api - INFO - Обработка породы 101/108: stbernard
2026-07-15 15:19:17,943 - dog_api - INFO - Получено изображение для stbernard: https://images.dog.ceo/breeds/stbernard/n02109525_13146.jpg
2026-07-15 15:19:18,368 - dog_api - INFO - Обработка породы 102/108: terrier
2026-07-15 15:19:19,095 - dog_api - INFO - Получено изображение для terrier: https://images.dog.ceo/breeds/terrier-kerryblue/n02093859_2625.jpg
2026-07-15 15:19:20,110 - dog_api - INFO - Получено изображение для american: https://images.dog.ceo/breeds/terrier-american/n02093428_15872.jpg
2026-07-15 15:19:21,086 - dog_api - INFO - Получено изображение для andalusian: https://images.dog.ceo/breeds/terrier-andalusian/El-Bodeguero-Andaluz-caracteristicas-de-un-perro-ratonero-perro-cuatro-patas_872f0926-e6bc-4916-913d-5a3156c6fba0_480x480.jpg
2026-07-15 15:19:21,798 - dog_api - INFO - Получено изображение для australian: https://images.dog.ceo/breeds/terrier-australian/n02096294_8531.jpg
2026-07-15 15:19:22,571 - dog_api - INFO - Получено изображение для bedlington: https://images.dog.ceo/breeds/terrier-bedlington/n02093647_3582.jpg
2026-07-15 15:19:23,307 - dog_api - INFO - Получено изображение для border: https://images.dog.ceo/breeds/terrier-border/n02093754_4374.jpg
2026-07-15 15:19:24,346 - dog_api - INFO - Получено изображение для boston: https://images.dog.ceo/breeds/terrier-boston/bostonTerrier_000001.jpg
2026-07-15 15:19:25,731 - dog_api - INFO - Получено изображение для cairn: https://images.dog.ceo/breeds/terrier-cairn/n02096177_9880.jpg
2026-07-15 15:19:26,457 - dog_api - INFO - Получено изображение для dandie: https://images.dog.ceo/breeds/terrier-dandie/n02096437_4466.jpg
2026-07-15 15:19:27,191 - dog_api - INFO - Получено изображение для fox: https://images.dog.ceo/breeds/terrier-fox/n02095314_613.jpg
2026-07-15 15:19:28,118 - dog_api - INFO - Получено изображение для irish: https://images.dog.ceo/breeds/terrier-irish/n02093991_4171.jpg
2026-07-15 15:19:28,895 - dog_api - INFO - Получено изображение для kerryblue: https://images.dog.ceo/breeds/terrier-kerryblue/n02093859_36.jpg
2026-07-15 15:19:29,783 - dog_api - INFO - Получено изображение для lakeland: https://images.dog.ceo/breeds/terrier-lakeland/n02095570_1437.jpg
2026-07-15 15:19:30,490 - dog_api - INFO - Получено изображение для norfolk: https://images.dog.ceo/breeds/terrier-norfolk/n02094114_4332.jpg
2026-07-15 15:19:31,239 - dog_api - INFO - Получено изображение для norwich: https://images.dog.ceo/breeds/terrier-norwich/n02094258_1778.jpg
2026-07-15 15:19:31,992 - dog_api - INFO - Получено изображение для patterdale: https://images.dog.ceo/breeds/terrier-patterdale/320px-05078045_Patterdale_Terrier.jpg
2026-07-15 15:19:32,701 - dog_api - INFO - Получено изображение для russell: https://images.dog.ceo/breeds/terrier-russell/IMG_7468.jpg
2026-07-15 15:19:33,749 - dog_api - INFO - Получено изображение для scottish: https://images.dog.ceo/breeds/terrier-scottish/n02097298_1790.jpg
2026-07-15 15:19:34,726 - dog_api - INFO - Получено изображение для sealyham: https://images.dog.ceo/breeds/terrier-sealyham/n02095889_784.jpg
2026-07-15 15:19:35,764 - dog_api - INFO - Получено изображение для silky: https://images.dog.ceo/breeds/terrier-silky/n02097658_3639.jpg
2026-07-15 15:19:36,764 - dog_api - INFO - Получено изображение для tibetan: https://images.dog.ceo/breeds/terrier-tibetan/n02097474_5523.jpg
2026-07-15 15:19:47,274 - dog_api - WARNING - Попытка 1/3 не удалась: HTTPSConnectionPool(host='dog.ceo', port=443): Read timed out. (read timeout=10). Повтор через 0.2с...
2026-07-15 15:19:57,779 - dog_api - WARNING - Попытка 2/3 не удалась: HTTPSConnectionPool(host='dog.ceo', port=443): Read timed out. (read timeout=10). Повтор через 0.2с...
2026-07-15 15:20:08,363 - dog_api - ERROR - Не удалось выполнить запрос после 3 попыток: https://dog.ceo/api/breed/terrier/toy/images/random
2026-07-15 15:20:08,364 - dog_api - ERROR - Не удалось получить изображение для toy: HTTPSConnectionPool(host='dog.ceo', port=443): Read timed out. (read timeout=10)
2026-07-15 15:20:18,707 - dog_api - WARNING - Попытка 1/3 не удалась: HTTPSConnectionPool(host='dog.ceo', port=443): Read timed out. (read timeout=10). Повтор через 0.2с...
2026-07-15 15:20:29,245 - dog_api - WARNING - Попытка 2/3 не удалась: HTTPSConnectionPool(host='dog.ceo', port=443): Read timed out. (read timeout=10). Повтор через 0.2с...
2026-07-15 15:20:39,770 - dog_api - ERROR - Не удалось выполнить запрос после 3 попыток: https://dog.ceo/api/breed/terrier/welsh/images/random
2026-07-15 15:20:39,771 - dog_api - ERROR - Не удалось получить изображение для welsh: HTTPSConnectionPool(host='dog.ceo', port=443): Read timed out. (read timeout=10)
2026-07-15 15:20:50,115 - dog_api - WARNING - Попытка 1/3 не удалась: HTTPSConnectionPool(host='dog.ceo', port=443): Read timed out. (read timeout=10). Повтор через 0.2с...
2026-07-15 15:21:00,635 - dog_api - WARNING - Попытка 2/3 не удалась: HTTPSConnectionPool(host='dog.ceo', port=443): Read timed out. (read timeout=10). Повтор через 0.2с...
2026-07-15 15:21:11,182 - dog_api - ERROR - Не удалось выполнить запрос после 3 попыток: https://dog.ceo/api/breed/terrier/westhighland/images/random
2026-07-15 15:21:11,182 - dog_api - ERROR - Не удалось получить изображение для westhighland: HTTPSConnectionPool(host='dog.ceo', port=443): Read timed out. (read timeout=10)
2026-07-15 15:21:21,500 - dog_api - WARNING - Попытка 1/3 не удалась: HTTPSConnectionPool(host='dog.ceo', port=443): Read timed out. (read timeout=10). Повтор через 0.2с...
2026-07-15 15:21:32,011 - dog_api - WARNING - Попытка 2/3 не удалась: HTTPSConnectionPool(host='dog.ceo', port=443): Read timed out. (read timeout=10). Повтор через 0.2с...
2026-07-15 15:21:42,511 - dog_api - ERROR - Не удалось выполнить запрос после 3 попыток: https://dog.ceo/api/breed/terrier/wheaten/images/random
2026-07-15 15:21:42,511 - dog_api - ERROR - Не удалось получить изображение для wheaten: HTTPSConnectionPool(host='dog.ceo', port=443): Read timed out. (read timeout=10)
2026-07-15 15:21:52,806 - dog_api - WARNING - Попытка 1/3 не удалась: HTTPSConnectionPool(host='dog.ceo', port=443): Read timed out. (read timeout=10). Повтор через 0.2с...
2026-07-15 15:22:03,346 - dog_api - WARNING - Попытка 2/3 не удалась: HTTPSConnectionPool(host='dog.ceo', port=443): Read timed out. (read timeout=10). Повтор через 0.2с...
2026-07-15 15:22:13,870 - dog_api - ERROR - Не удалось выполнить запрос после 3 попыток: https://dog.ceo/api/breed/terrier/yorkshire/images/random
2026-07-15 15:22:13,871 - dog_api - ERROR - Не удалось получить изображение для yorkshire: HTTPSConnectionPool(host='dog.ceo', port=443): Read timed out. (read timeout=10)
2026-07-15 15:22:14,071 - dog_api - INFO - Обработка породы 103/108: tervuren
2026-07-15 15:22:24,437 - dog_api - WARNING - Попытка 1/3 не удалась: HTTPSConnectionPool(host='dog.ceo', port=443): Read timed out. (read timeout=10). Повтор через 0.2с...
2026-07-15 15:22:34,990 - dog_api - WARNING - Попытка 2/3 не удалась: HTTPSConnectionPool(host='dog.ceo', port=443): Read timed out. (read timeout=10). Повтор через 0.2с...
2026-07-15 15:22:45,596 - dog_api - ERROR - Не удалось выполнить запрос после 3 попыток: https://dog.ceo/api/breed/tervuren/images/random
2026-07-15 15:22:45,596 - dog_api - ERROR - Не удалось получить изображение для tervuren: HTTPSConnectionPool(host='dog.ceo', port=443): Read timed out. (read timeout=10)
2026-07-15 15:22:45,597 - dog_api - ERROR - Не удалось получить ни одного изображения для породы tervuren
2026-07-15 15:22:45,797 - dog_api - INFO - Обработка породы 104/108: vizsla
2026-07-15 15:22:56,148 - dog_api - WARNING - Попытка 1/3 не удалась: HTTPSConnectionPool(host='dog.ceo', port=443): Read timed out. (read timeout=10). Повтор через 0.2с...
2026-07-15 15:23:06,697 - dog_api - WARNING - Попытка 2/3 не удалась: HTTPSConnectionPool(host='dog.ceo', port=443): Read timed out. (read timeout=10). Повтор через 0.2с...
2026-07-15 15:23:17,232 - dog_api - ERROR - Не удалось выполнить запрос после 3 попыток: https://dog.ceo/api/breed/vizsla/images/random
2026-07-15 15:23:17,232 - dog_api - ERROR - Не удалось получить изображение для vizsla: HTTPSConnectionPool(host='dog.ceo', port=443): Read timed out. (read timeout=10)
2026-07-15 15:23:17,232 - dog_api - ERROR - Не удалось получить ни одного изображения для породы vizsla
2026-07-15 15:23:17,452 - dog_api - INFO - Обработка породы 105/108: waterdog
2026-07-15 15:23:27,810 - dog_api - WARNING - Попытка 1/3 не удалась: HTTPSConnectionPool(host='dog.ceo', port=443): Read timed out. (read timeout=10). Повтор через 0.2с...
2026-07-15 15:23:38,340 - dog_api - WARNING - Попытка 2/3 не удалась: HTTPSConnectionPool(host='dog.ceo', port=443): Read timed out. (read timeout=10). Повтор через 0.2с...
2026-07-15 15:23:48,884 - dog_api - ERROR - Не удалось выполнить запрос после 3 попыток: https://dog.ceo/api/breed/waterdog/images/random
2026-07-15 15:23:48,885 - dog_api - ERROR - Не удалось получить изображение для waterdog: HTTPSConnectionPool(host='dog.ceo', port=443): Read timed out. (read timeout=10)
2026-07-15 15:23:59,181 - dog_api - WARNING - Попытка 1/3 не удалась: HTTPSConnectionPool(host='dog.ceo', port=443): Read timed out. (read timeout=10). Повтор через 0.2с...
2026-07-15 15:24:09,705 - dog_api - WARNING - Попытка 2/3 не удалась: HTTPSConnectionPool(host='dog.ceo', port=443): Read timed out. (read timeout=10). Повтор через 0.2с...
2026-07-15 15:24:20,272 - dog_api - ERROR - Не удалось выполнить запрос после 3 попыток: https://dog.ceo/api/breed/waterdog/spanish/images/random
2026-07-15 15:24:20,273 - dog_api - ERROR - Не удалось получить изображение для spanish: HTTPSConnectionPool(host='dog.ceo', port=443): Read timed out. (read timeout=10)
2026-07-15 15:24:20,273 - dog_api - ERROR - Не удалось получить ни одного изображения для породы waterdog
2026-07-15 15:24:20,474 - dog_api - INFO - Обработка породы 106/108: weimaraner
2026-07-15 15:24:21,356 - dog_api - INFO - Получено изображение для weimaraner: https://images.dog.ceo/breeds/weimaraner/n02092339_4169.jpg
2026-07-15 15:24:21,782 - dog_api - INFO - Обработка породы 107/108: whippet
2026-07-15 15:24:22,336 - dog_api - INFO - Получено изображение для whippet: https://images.dog.ceo/breeds/whippet/n02091134_14828.jpg
2026-07-15 15:24:22,763 - dog_api - INFO - Обработка породы 108/108: wolfhound
2026-07-15 15:24:23,409 - dog_api - INFO - Получено изображение для wolfhound: https://images.dog.ceo/breeds/wolfhound-irish/n02090721_3034.jpg
2026-07-15 15:24:43,958 - dog_api - WARNING - Попытка 1/3 не удалась: HTTPSConnectionPool(host='dog.ceo', port=443): Read timed out. (read timeout=10). Повтор через 0.2с...
2026-07-15 15:24:44,752 - dog_api - INFO - Получено изображение для irish: https://images.dog.ceo/breeds/wolfhound-irish/n02090721_1085.jpg
2026-07-15 15:24:45,163 - dog_api - INFO - Всего собрано 117 ссылок на изображения
2026-07-15 15:24:45,163 - __main__ - INFO - Получено 117 ссылок на изображения.
2026-07-15 15:24:45,163 - yandex_api - INFO - Создание папки: AllBreeds
2026-07-15 15:24:46,087 - yandex_api - INFO - Папка AllBreeds создана
2026-07-15 15:24:46,089 - __main__ - INFO - [1/117] Загрузка affenpinscher_n02110627_12512.jpg ...
2026-07-15 15:24:46,089 - yandex_api - INFO - Загрузка файла affenpinscher_n02110627_12512.jpg в AllBreeds
2026-07-15 15:24:46,951 - yandex_api - INFO - Файл affenpinscher_n02110627_12512.jpg успешно загружен
2026-07-15 15:24:47,253 - __main__ - INFO - [2/117] Загрузка african_n02116738_4508.jpg ...
2026-07-15 15:24:47,253 - yandex_api - INFO - Загрузка файла african_n02116738_4508.jpg в AllBreeds
2026-07-15 15:24:48,084 - yandex_api - INFO - Файл african_n02116738_4508.jpg успешно загружен
2026-07-15 15:24:48,387 - __main__ - INFO - [3/117] Загрузка wild_n02116738_500.jpg ...
2026-07-15 15:24:48,387 - yandex_api - INFO - Загрузка файла wild_n02116738_500.jpg в AllBreeds
2026-07-15 15:24:49,093 - yandex_api - INFO - Файл wild_n02116738_500.jpg успешно загружен
2026-07-15 15:24:49,396 - __main__ - INFO - [4/117] Загрузка airedale_n02096051_5048.jpg ...
2026-07-15 15:24:49,396 - yandex_api - INFO - Загрузка файла airedale_n02096051_5048.jpg в AllBreeds
2026-07-15 15:24:50,160 - yandex_api - INFO - Файл airedale_n02096051_5048.jpg успешно загружен
2026-07-15 15:24:50,463 - __main__ - INFO - [5/117] Загрузка akita_Akita_Inu_dog.jpg ...
2026-07-15 15:24:50,463 - yandex_api - INFO - Загрузка файла akita_Akita_Inu_dog.jpg в AllBreeds
2026-07-15 15:24:51,474 - yandex_api - INFO - Файл akita_Akita_Inu_dog.jpg успешно загружен
2026-07-15 15:24:51,777 - __main__ - INFO - [6/117] Загрузка appenzeller_n02107908_3105.jpg ...
2026-07-15 15:24:51,777 - yandex_api - INFO - Загрузка файла appenzeller_n02107908_3105.jpg в AllBreeds
2026-07-15 15:24:52,621 - yandex_api - INFO - Файл appenzeller_n02107908_3105.jpg успешно загружен
2026-07-15 15:24:52,924 - __main__ - INFO - [7/117] Загрузка australian_n02096294_8531.jpg ...
2026-07-15 15:24:52,924 - yandex_api - INFO - Загрузка файла australian_n02096294_8531.jpg в AllBreeds
2026-07-15 15:24:53,953 - yandex_api - INFO - Файл australian_n02096294_8531.jpg успешно загружен
2026-07-15 15:24:54,256 - __main__ - INFO - [8/117] Загрузка kelpie_n02105412_1757.jpg ...
2026-07-15 15:24:54,256 - yandex_api - INFO - Загрузка файла kelpie_n02105412_1757.jpg в AllBreeds
2026-07-15 15:24:55,069 - yandex_api - INFO - Файл kelpie_n02105412_1757.jpg успешно загружен
2026-07-15 15:24:55,371 - __main__ - INFO - [9/117] Загрузка shepherd_n02106662_16149.jpg ...
2026-07-15 15:24:55,371 - yandex_api - INFO - Загрузка файла shepherd_n02106662_16149.jpg в AllBreeds
2026-07-15 15:24:56,245 - yandex_api - INFO - Файл shepherd_n02106662_16149.jpg успешно загружен
2026-07-15 15:24:56,547 - __main__ - INFO - [10/117] Загрузка bakharwal_Bakharwal.jpg ...
2026-07-15 15:24:56,547 - yandex_api - INFO - Загрузка файла bakharwal_Bakharwal.jpg в AllBreeds
2026-07-15 15:24:57,482 - yandex_api - INFO - Файл bakharwal_Bakharwal.jpg успешно загружен
2026-07-15 15:24:57,784 - __main__ - INFO - [11/117] Загрузка indian_Himalayan_Sheepdog.jpg ...
2026-07-15 15:24:57,785 - yandex_api - INFO - Загрузка файла indian_Himalayan_Sheepdog.jpg в AllBreeds
2026-07-15 15:24:59,490 - yandex_api - INFO - Файл indian_Himalayan_Sheepdog.jpg успешно загружен
2026-07-15 15:24:59,793 - __main__ - INFO - [12/117] Загрузка basenji_n02110806_1035.jpg ...
2026-07-15 15:24:59,793 - yandex_api - INFO - Загрузка файла basenji_n02110806_1035.jpg в AllBreeds
2026-07-15 15:25:00,615 - yandex_api - INFO - Файл basenji_n02110806_1035.jpg успешно загружен
2026-07-15 15:25:00,917 - __main__ - INFO - [13/117] Загрузка beagle_homer.jpg ...
2026-07-15 15:25:00,917 - yandex_api - INFO - Загрузка файла beagle_homer.jpg в AllBreeds
2026-07-15 15:25:01,766 - yandex_api - INFO - Файл beagle_homer.jpg успешно загружен
2026-07-15 15:25:02,069 - __main__ - INFO - [14/117] Загрузка bluetick_n02088632_3046.jpg ...
2026-07-15 15:25:02,069 - yandex_api - INFO - Загрузка файла bluetick_n02088632_3046.jpg в AllBreeds
2026-07-15 15:25:02,862 - yandex_api - INFO - Файл bluetick_n02088632_3046.jpg успешно загружен
2026-07-15 15:25:03,164 - __main__ - INFO - [15/117] Загрузка borzoi_n02090622_6777.jpg ...
2026-07-15 15:25:03,164 - yandex_api - INFO - Загрузка файла borzoi_n02090622_6777.jpg в AllBreeds
2026-07-15 15:25:03,897 - yandex_api - INFO - Файл borzoi_n02090622_6777.jpg успешно загружен
2026-07-15 15:25:04,200 - __main__ - INFO - [16/117] Загрузка bouvier_n02106382_590.jpg ...
2026-07-15 15:25:04,200 - yandex_api - INFO - Загрузка файла bouvier_n02106382_590.jpg в AllBreeds
2026-07-15 15:25:04,838 - yandex_api - INFO - Файл bouvier_n02106382_590.jpg успешно загружен
2026-07-15 15:25:05,140 - __main__ - INFO - [17/117] Загрузка boxer_n02108089_10229.jpg ...
2026-07-15 15:25:05,140 - yandex_api - INFO - Загрузка файла boxer_n02108089_10229.jpg в AllBreeds
2026-07-15 15:25:06,239 - yandex_api - INFO - Файл boxer_n02108089_10229.jpg успешно загружен
2026-07-15 15:25:06,542 - __main__ - INFO - [18/117] Загрузка brabancon_n02112706_643.jpg ...
2026-07-15 15:25:06,542 - yandex_api - INFO - Загрузка файла brabancon_n02112706_643.jpg в AllBreeds
2026-07-15 15:25:07,352 - yandex_api - INFO - Файл brabancon_n02112706_643.jpg успешно загружен
2026-07-15 15:25:07,655 - __main__ - INFO - [19/117] Загрузка briard_n02105251_8848.jpg ...
2026-07-15 15:25:07,655 - yandex_api - INFO - Загрузка файла briard_n02105251_8848.jpg в AllBreeds
2026-07-15 15:25:08,755 - yandex_api - INFO - Файл briard_n02105251_8848.jpg успешно загружен
2026-07-15 15:25:09,069 - __main__ - INFO - [20/117] Загрузка buhund_hakon1.jpg ...
2026-07-15 15:25:09,069 - yandex_api - INFO - Загрузка файла buhund_hakon1.jpg в AllBreeds
2026-07-15 15:25:09,684 - yandex_api - INFO - Файл buhund_hakon1.jpg успешно загружен
2026-07-15 15:25:09,986 - __main__ - INFO - [21/117] Загрузка norwegian_hakon3.jpg ...
2026-07-15 15:25:09,986 - yandex_api - INFO - Загрузка файла norwegian_hakon3.jpg в AllBreeds
2026-07-15 15:25:11,497 - yandex_api - INFO - Файл norwegian_hakon3.jpg успешно загружен
2026-07-15 15:25:11,800 - __main__ - INFO - [22/117] Загрузка bulldog_jager-2.jpg ...
2026-07-15 15:25:11,801 - yandex_api - INFO - Загрузка файла bulldog_jager-2.jpg в AllBreeds
2026-07-15 15:25:12,766 - yandex_api - INFO - Файл bulldog_jager-2.jpg успешно загружен
2026-07-15 15:25:13,068 - __main__ - INFO - [23/117] Загрузка boston_bostonTerrier_000001.jpg ...
2026-07-15 15:25:13,068 - yandex_api - INFO - Загрузка файла boston_bostonTerrier_000001.jpg в AllBreeds
2026-07-15 15:25:13,869 - yandex_api - INFO - Файл boston_bostonTerrier_000001.jpg успешно загружен
2026-07-15 15:25:14,171 - __main__ - INFO - [24/117] Загрузка english_n02102040_6473.jpg ...
2026-07-15 15:25:14,171 - yandex_api - INFO - Загрузка файла english_n02102040_6473.jpg в AllBreeds
2026-07-15 15:25:14,922 - yandex_api - INFO - Файл english_n02102040_6473.jpg успешно загружен
2026-07-15 15:25:15,225 - __main__ - INFO - [25/117] Загрузка french_n02108915_4160.jpg ...
2026-07-15 15:25:15,226 - yandex_api - INFO - Загрузка файла french_n02108915_4160.jpg в AllBreeds
2026-07-15 15:25:17,762 - yandex_api - INFO - Файл french_n02108915_4160.jpg успешно загружен
2026-07-15 15:25:18,064 - __main__ - INFO - [26/117] Загрузка bullterrier_n02093256_5733.jpg ...
2026-07-15 15:25:18,064 - yandex_api - INFO - Загрузка файла bullterrier_n02093256_5733.jpg в AllBreeds
2026-07-15 15:25:18,919 - yandex_api - INFO - Файл bullterrier_n02093256_5733.jpg успешно загружен
2026-07-15 15:25:19,222 - __main__ - INFO - [27/117] Загрузка staffordshire_n02093256_5654.jpg ...
2026-07-15 15:25:19,223 - yandex_api - INFO - Загрузка файла staffordshire_n02093256_5654.jpg в AllBreeds
2026-07-15 15:25:20,500 - yandex_api - INFO - Файл staffordshire_n02093256_5654.jpg успешно загружен
2026-07-15 15:25:20,802 - __main__ - INFO - [28/117] Загрузка cattledog_IMG_7057.jpg ...
2026-07-15 15:25:20,802 - yandex_api - INFO - Загрузка файла cattledog_IMG_7057.jpg в AllBreeds
2026-07-15 15:25:21,540 - yandex_api - INFO - Файл cattledog_IMG_7057.jpg успешно загружен
2026-07-15 15:25:21,846 - __main__ - INFO - [29/117] Загрузка cavapoo_lulu2.jpg ...
2026-07-15 15:25:21,846 - yandex_api - INFO - Загрузка файла cavapoo_lulu2.jpg в AllBreeds
2026-07-15 15:25:22,453 - yandex_api - INFO - Файл cavapoo_lulu2.jpg успешно загружен
2026-07-15 15:25:22,755 - __main__ - INFO - [30/117] Загрузка chihuahua_n02085620_7738.jpg ...
2026-07-15 15:25:22,755 - yandex_api - INFO - Загрузка файла chihuahua_n02085620_7738.jpg в AllBreeds
2026-07-15 15:25:23,514 - yandex_api - INFO - Файл chihuahua_n02085620_7738.jpg успешно загружен
2026-07-15 15:25:23,817 - __main__ - INFO - [31/117] Загрузка chippiparai_Indian-Chippiparai.jpg ...
2026-07-15 15:25:23,817 - yandex_api - INFO - Загрузка файла chippiparai_Indian-Chippiparai.jpg в AllBreeds
2026-07-15 15:25:24,808 - yandex_api - INFO - Файл chippiparai_Indian-Chippiparai.jpg успешно загружен
2026-07-15 15:25:25,110 - __main__ - INFO - [32/117] Загрузка chow_n02112137_2619.jpg ...
2026-07-15 15:25:25,110 - yandex_api - INFO - Загрузка файла chow_n02112137_2619.jpg в AllBreeds
2026-07-15 15:25:26,035 - yandex_api - INFO - Файл chow_n02112137_2619.jpg успешно загружен
2026-07-15 15:25:26,338 - __main__ - INFO - [33/117] Загрузка clumber_n02101556_3556.jpg ...
2026-07-15 15:25:26,338 - yandex_api - INFO - Загрузка файла clumber_n02101556_3556.jpg в AllBreeds
2026-07-15 15:25:27,013 - yandex_api - INFO - Файл clumber_n02101556_3556.jpg успешно загружен
2026-07-15 15:25:27,315 - __main__ - INFO - [34/117] Загрузка cockapoo_Guri4.jpg ...
2026-07-15 15:25:27,315 - yandex_api - INFO - Загрузка файла cockapoo_Guri4.jpg в AllBreeds
2026-07-15 15:25:28,062 - yandex_api - INFO - Файл cockapoo_Guri4.jpg успешно загружен
2026-07-15 15:25:28,364 - __main__ - INFO - [35/117] Загрузка collie_1Dog-rough-collie-portrait.jpg ...
2026-07-15 15:25:28,364 - yandex_api - INFO - Загрузка файла collie_1Dog-rough-collie-portrait.jpg в AllBreeds
2026-07-15 15:25:31,096 - yandex_api - INFO - Файл collie_1Dog-rough-collie-portrait.jpg успешно загружен
2026-07-15 15:25:31,398 - __main__ - INFO - [36/117] Загрузка border_n02093754_4374.jpg ...
2026-07-15 15:25:31,398 - yandex_api - INFO - Загрузка файла border_n02093754_4374.jpg в AllBreeds
2026-07-15 15:25:32,087 - yandex_api - INFO - Файл border_n02093754_4374.jpg успешно загружен
2026-07-15 15:25:32,389 - __main__ - INFO - [37/117] Загрузка coonhound_n02089078_192.jpg ...
2026-07-15 15:25:32,390 - yandex_api - INFO - Загрузка файла coonhound_n02089078_192.jpg в AllBreeds
2026-07-15 15:25:33,333 - yandex_api - INFO - Файл coonhound_n02089078_192.jpg успешно загружен
2026-07-15 15:25:33,635 - __main__ - INFO - [38/117] Загрузка corgi_n02113186_9902.jpg ...
2026-07-15 15:25:33,635 - yandex_api - INFO - Загрузка файла corgi_n02113186_9902.jpg в AllBreeds
2026-07-15 15:25:34,334 - yandex_api - INFO - Файл corgi_n02113186_9902.jpg успешно загружен
2026-07-15 15:25:34,636 - __main__ - INFO - [39/117] Загрузка cardigan_n02113186_11014.jpg ...
2026-07-15 15:25:34,636 - yandex_api - INFO - Загрузка файла cardigan_n02113186_11014.jpg в AllBreeds
2026-07-15 15:25:35,390 - yandex_api - INFO - Файл cardigan_n02113186_11014.jpg успешно загружен
2026-07-15 15:25:35,693 - __main__ - INFO - [40/117] Загрузка cotondetulear_100_2397.jpg ...
2026-07-15 15:25:35,693 - yandex_api - INFO - Загрузка файла cotondetulear_100_2397.jpg в AllBreeds
2026-07-15 15:25:36,517 - yandex_api - INFO - Файл cotondetulear_100_2397.jpg успешно загружен
2026-07-15 15:25:36,819 - __main__ - INFO - [41/117] Загрузка dachshund_dog-1018408_640.jpg ...
2026-07-15 15:25:36,819 - yandex_api - INFO - Загрузка файла dachshund_dog-1018408_640.jpg в AllBreeds
2026-07-15 15:25:37,566 - yandex_api - INFO - Файл dachshund_dog-1018408_640.jpg успешно загружен
2026-07-15 15:25:37,869 - __main__ - INFO - [42/117] Загрузка dalmatian_cooper2.jpg ...
2026-07-15 15:25:37,870 - yandex_api - INFO - Загрузка файла dalmatian_cooper2.jpg в AllBreeds
2026-07-15 15:25:38,842 - yandex_api - INFO - Файл dalmatian_cooper2.jpg успешно загружен
2026-07-15 15:25:39,144 - __main__ - INFO - [43/117] Загрузка dane_dane-5.jpg ...
2026-07-15 15:25:39,144 - yandex_api - INFO - Загрузка файла dane_dane-5.jpg в AllBreeds
2026-07-15 15:25:40,846 - yandex_api - INFO - Файл dane_dane-5.jpg успешно загружен
2026-07-15 15:25:41,148 - __main__ - INFO - [44/117] Загрузка german_n02106662_10858.jpg ...
2026-07-15 15:25:41,148 - yandex_api - INFO - Загрузка файла german_n02106662_10858.jpg в AllBreeds
2026-07-15 15:25:42,014 - yandex_api - INFO - Файл german_n02106662_10858.jpg успешно загружен
2026-07-15 15:25:42,317 - __main__ - INFO - [45/117] Загрузка greyhound_n02091032_6037.jpg ...
2026-07-15 15:25:42,317 - yandex_api - INFO - Загрузка файла greyhound_n02091032_6037.jpg в AllBreeds
2026-07-15 15:25:43,000 - yandex_api - INFO - Файл greyhound_n02091032_6037.jpg успешно загружен
2026-07-15 15:25:43,302 - __main__ - INFO - [46/117] Загрузка italian_n02090722_001.jpg ...
2026-07-15 15:25:43,302 - yandex_api - INFO - Загрузка файла italian_n02090722_001.jpg в AllBreeds
2026-07-15 15:25:44,065 - yandex_api - INFO - Файл italian_n02090722_001.jpg успешно загружен
2026-07-15 15:25:44,368 - __main__ - INFO - [47/117] Загрузка groenendael_n02105056_2649.jpg ...
2026-07-15 15:25:44,368 - yandex_api - INFO - Загрузка файла groenendael_n02105056_2649.jpg в AllBreeds
2026-07-15 15:25:45,046 - yandex_api - INFO - Файл groenendael_n02105056_2649.jpg успешно загружен
2026-07-15 15:25:45,348 - __main__ - INFO - [48/117] Загрузка havanese_00100trPORTRAIT_00100_BURST20191126134713895_COVER.jpg ...
2026-07-15 15:25:45,348 - yandex_api - INFO - Загрузка файла havanese_00100trPORTRAIT_00100_BURST20191126134713895_COVER.jpg в AllBreeds
2026-07-15 15:25:46,336 - yandex_api - INFO - Файл havanese_00100trPORTRAIT_00100_BURST20191126134713895_COVER.jpg успешно загружен
2026-07-15 15:25:46,639 - __main__ - INFO - [49/117] Загрузка hound_n02091244_3874.jpg ...
2026-07-15 15:25:46,639 - yandex_api - INFO - Загрузка файла hound_n02091244_3874.jpg в AllBreeds
2026-07-15 15:25:47,570 - yandex_api - INFO - Файл hound_n02091244_3874.jpg успешно загружен
2026-07-15 15:25:47,873 - __main__ - INFO - [50/117] Загрузка afghan_n02088094_908.jpg ...
2026-07-15 15:25:47,873 - yandex_api - INFO - Загрузка файла afghan_n02088094_908.jpg в AllBreeds
2026-07-15 15:25:50,011 - yandex_api - INFO - Файл afghan_n02088094_908.jpg успешно загружен
2026-07-15 15:25:50,313 - __main__ - INFO - [51/117] Загрузка basset_n02088238_6035.jpg ...
2026-07-15 15:25:50,313 - yandex_api - INFO - Загрузка файла basset_n02088238_6035.jpg в AllBreeds
2026-07-15 15:25:51,374 - yandex_api - INFO - Файл basset_n02088238_6035.jpg успешно загружен
2026-07-15 15:25:51,676 - __main__ - INFO - [52/117] Загрузка blood_n02088466_9691.jpg ...
2026-07-15 15:25:51,676 - yandex_api - INFO - Загрузка файла blood_n02088466_9691.jpg в AllBreeds
2026-07-15 15:25:52,563 - yandex_api - INFO - Файл blood_n02088466_9691.jpg успешно загружен
2026-07-15 15:25:52,865 - __main__ - INFO - [53/117] Загрузка ibizan_n02091244_3425.jpg ...
2026-07-15 15:25:52,865 - yandex_api - INFO - Загрузка файла ibizan_n02091244_3425.jpg в AllBreeds
2026-07-15 15:25:53,867 - yandex_api - INFO - Файл ibizan_n02091244_3425.jpg успешно загружен
2026-07-15 15:25:54,169 - __main__ - INFO - [54/117] Загрузка plott_hhh-23456.jpg ...
2026-07-15 15:25:54,169 - yandex_api - INFO - Загрузка файла plott_hhh-23456.jpg в AllBreeds
2026-07-15 15:25:55,584 - yandex_api - INFO - Файл plott_hhh-23456.jpg успешно загружен
2026-07-15 15:25:55,886 - __main__ - INFO - [55/117] Загрузка walker_n02089867_2295.jpg ...
2026-07-15 15:25:55,886 - yandex_api - INFO - Загрузка файла walker_n02089867_2295.jpg в AllBreeds
2026-07-15 15:25:56,728 - yandex_api - INFO - Файл walker_n02089867_2295.jpg успешно загружен
2026-07-15 15:25:57,030 - __main__ - INFO - [56/117] Загрузка husky_husky.jpg ...
2026-07-15 15:25:57,030 - yandex_api - INFO - Загрузка файла husky_husky.jpg в AllBreeds
2026-07-15 15:25:57,908 - yandex_api - INFO - Файл husky_husky.jpg успешно загружен
2026-07-15 15:25:58,210 - __main__ - INFO - [57/117] Загрузка keeshond_n02112350_1050.jpg ...
2026-07-15 15:25:58,210 - yandex_api - INFO - Загрузка файла keeshond_n02112350_1050.jpg в AllBreeds
2026-07-15 15:25:59,033 - yandex_api - INFO - Файл keeshond_n02112350_1050.jpg успешно загружен
2026-07-15 15:25:59,336 - __main__ - INFO - [58/117] Загрузка kombai_Kombai-indian-Dog.jpg ...
2026-07-15 15:25:59,336 - yandex_api - INFO - Загрузка файла kombai_Kombai-indian-Dog.jpg в AllBreeds
2026-07-15 15:26:00,165 - yandex_api - INFO - Файл kombai_Kombai-indian-Dog.jpg успешно загружен
2026-07-15 15:26:00,468 - __main__ - INFO - [59/117] Загрузка komondor_n02105505_2156.jpg ...
2026-07-15 15:26:00,469 - yandex_api - INFO - Загрузка файла komondor_n02105505_2156.jpg в AllBreeds
2026-07-15 15:26:01,274 - yandex_api - INFO - Файл komondor_n02105505_2156.jpg успешно загружен
2026-07-15 15:26:01,576 - __main__ - INFO - [60/117] Загрузка kuvasz_n02104029_525.jpg ...
2026-07-15 15:26:01,576 - yandex_api - INFO - Загрузка файла kuvasz_n02104029_525.jpg в AllBreeds
2026-07-15 15:26:02,379 - yandex_api - INFO - Файл kuvasz_n02104029_525.jpg успешно загружен
2026-07-15 15:26:02,681 - __main__ - INFO - [61/117] Загрузка labradoodle_labradoodle-forrest.jpg ...
2026-07-15 15:26:02,681 - yandex_api - INFO - Загрузка файла labradoodle_labradoodle-forrest.jpg в AllBreeds
2026-07-15 15:26:03,575 - yandex_api - INFO - Файл labradoodle_labradoodle-forrest.jpg успешно загружен
2026-07-15 15:26:03,878 - __main__ - INFO - [62/117] Загрузка labrador_n02099712_7775.jpg ...
2026-07-15 15:26:03,878 - yandex_api - INFO - Загрузка файла labrador_n02099712_7775.jpg в AllBreeds
2026-07-15 15:26:04,893 - yandex_api - INFO - Файл labrador_n02099712_7775.jpg успешно загружен
2026-07-15 15:26:05,195 - __main__ - INFO - [63/117] Загрузка leonberg_n02111129_4682.jpg ...
2026-07-15 15:26:05,195 - yandex_api - INFO - Загрузка файла leonberg_n02111129_4682.jpg в AllBreeds
2026-07-15 15:26:06,072 - yandex_api - INFO - Файл leonberg_n02111129_4682.jpg успешно загружен
2026-07-15 15:26:06,374 - __main__ - INFO - [64/117] Загрузка lhasa_n02098413_624.jpg ...
2026-07-15 15:26:06,374 - yandex_api - INFO - Загрузка файла lhasa_n02098413_624.jpg в AllBreeds
2026-07-15 15:26:07,215 - yandex_api - INFO - Файл lhasa_n02098413_624.jpg успешно загружен
2026-07-15 15:26:07,518 - __main__ - INFO - [65/117] Загрузка malamute_n02110063_49.jpg ...
2026-07-15 15:26:07,518 - yandex_api - INFO - Загрузка файла malamute_n02110063_49.jpg в AllBreeds
2026-07-15 15:26:08,362 - yandex_api - INFO - Файл malamute_n02110063_49.jpg успешно загружен
2026-07-15 15:26:08,664 - __main__ - INFO - [66/117] Загрузка malinois_n02105162_6106.jpg ...
2026-07-15 15:26:08,664 - yandex_api - INFO - Загрузка файла malinois_n02105162_6106.jpg в AllBreeds
2026-07-15 15:26:09,463 - yandex_api - INFO - Файл malinois_n02105162_6106.jpg успешно загружен
2026-07-15 15:26:09,766 - __main__ - INFO - [67/117] Загрузка maltese_n02085936_2543.jpg ...
2026-07-15 15:26:09,766 - yandex_api - INFO - Загрузка файла maltese_n02085936_2543.jpg в AllBreeds
2026-07-15 15:26:10,420 - yandex_api - INFO - Файл maltese_n02085936_2543.jpg успешно загружен
2026-07-15 15:26:10,721 - __main__ - INFO - [68/117] Загрузка mastiff_n02108422_568.jpg ...
2026-07-15 15:26:10,722 - yandex_api - INFO - Загрузка файла mastiff_n02108422_568.jpg в AllBreeds
2026-07-15 15:26:12,047 - yandex_api - INFO - Файл mastiff_n02108422_568.jpg успешно загружен
2026-07-15 15:26:12,350 - __main__ - INFO - [69/117] Загрузка bull_n02108422_1507.jpg ...
2026-07-15 15:26:12,350 - yandex_api - INFO - Загрузка файла bull_n02108422_1507.jpg в AllBreeds
2026-07-15 15:26:12,955 - yandex_api - INFO - Файл bull_n02108422_1507.jpg успешно загружен
2026-07-15 15:26:13,257 - __main__ - INFO - [70/117] Загрузка chesapeake_n02099849_2133.jpg ...
2026-07-15 15:26:13,257 - yandex_api - INFO - Загрузка файла chesapeake_n02099849_2133.jpg в AllBreeds
2026-07-15 15:26:14,031 - yandex_api - INFO - Файл chesapeake_n02099849_2133.jpg успешно загружен
2026-07-15 15:26:14,332 - __main__ - INFO - [71/117] Загрузка curly_n02099429_3077.jpg ...
2026-07-15 15:26:14,332 - yandex_api - INFO - Загрузка файла curly_n02099429_3077.jpg в AllBreeds
2026-07-15 15:26:15,113 - yandex_api - INFO - Файл curly_n02099429_3077.jpg успешно загружен
2026-07-15 15:26:15,414 - __main__ - INFO - [72/117] Загрузка flatcoated_n02099267_4331.jpg ...
2026-07-15 15:26:15,414 - yandex_api - INFO - Загрузка файла flatcoated_n02099267_4331.jpg в AllBreeds
2026-07-15 15:26:16,097 - yandex_api - INFO - Файл flatcoated_n02099267_4331.jpg успешно загружен
2026-07-15 15:26:16,400 - __main__ - INFO - [73/117] Загрузка golden_n02099601_70.jpg ...
2026-07-15 15:26:16,400 - yandex_api - INFO - Загрузка файла golden_n02099601_70.jpg в AllBreeds
2026-07-15 15:26:17,040 - yandex_api - INFO - Файл golden_n02099601_70.jpg успешно загружен
2026-07-15 15:26:17,342 - __main__ - INFO - [74/117] Загрузка ridgeback_n02087394_10418.jpg ...
2026-07-15 15:26:17,342 - yandex_api - INFO - Загрузка файла ridgeback_n02087394_10418.jpg в AllBreeds
2026-07-15 15:26:18,055 - yandex_api - INFO - Файл ridgeback_n02087394_10418.jpg успешно загружен
2026-07-15 15:26:18,358 - __main__ - INFO - [75/117] Загрузка rhodesian_n02087394_1274.jpg ...
2026-07-15 15:26:18,358 - yandex_api - INFO - Загрузка файла rhodesian_n02087394_1274.jpg в AllBreeds
2026-07-15 15:26:18,993 - yandex_api - INFO - Файл rhodesian_n02087394_1274.jpg успешно загружен
2026-07-15 15:26:19,296 - __main__ - INFO - [76/117] Загрузка rottweiler_n02106550_7419.jpg ...
2026-07-15 15:26:19,296 - yandex_api - INFO - Загрузка файла rottweiler_n02106550_7419.jpg в AllBreeds
2026-07-15 15:26:20,083 - yandex_api - INFO - Файл rottweiler_n02106550_7419.jpg успешно загружен
2026-07-15 15:26:20,386 - __main__ - INFO - [77/117] Загрузка rough_collie-rough.jpg ...
2026-07-15 15:26:20,387 - yandex_api - INFO - Загрузка файла rough_collie-rough.jpg в AllBreeds
2026-07-15 15:26:21,565 - yandex_api - INFO - Файл rough_collie-rough.jpg успешно загружен
2026-07-15 15:26:21,869 - __main__ - INFO - [78/117] Загрузка saluki_n02091831_5692.jpg ...
2026-07-15 15:26:21,869 - yandex_api - INFO - Загрузка файла saluki_n02091831_5692.jpg в AllBreeds
2026-07-15 15:26:23,054 - yandex_api - INFO - Файл saluki_n02091831_5692.jpg успешно загружен
2026-07-15 15:26:23,357 - __main__ - INFO - [79/117] Загрузка samoyed_n02111889_6249.jpg ...
2026-07-15 15:26:23,357 - yandex_api - INFO - Загрузка файла samoyed_n02111889_6249.jpg в AllBreeds
2026-07-15 15:26:24,189 - yandex_api - INFO - Файл samoyed_n02111889_6249.jpg успешно загружен
2026-07-15 15:26:24,491 - __main__ - INFO - [80/117] Загрузка schipperke_n02104365_9489.jpg ...
2026-07-15 15:26:24,492 - yandex_api - INFO - Загрузка файла schipperke_n02104365_9489.jpg в AllBreeds
2026-07-15 15:26:25,132 - yandex_api - INFO - Файл schipperke_n02104365_9489.jpg успешно загружен
2026-07-15 15:26:25,435 - __main__ - INFO - [81/117] Загрузка schnauzer_n02097130_3277.jpg ...
2026-07-15 15:26:25,435 - yandex_api - INFO - Загрузка файла schnauzer_n02097130_3277.jpg в AllBreeds
2026-07-15 15:26:26,105 - yandex_api - INFO - Файл schnauzer_n02097130_3277.jpg успешно загружен
2026-07-15 15:26:26,407 - __main__ - INFO - [82/117] Загрузка giant_n02097130_6156.jpg ...
2026-07-15 15:26:26,408 - yandex_api - INFO - Загрузка файла giant_n02097130_6156.jpg в AllBreeds
2026-07-15 15:26:27,241 - yandex_api - INFO - Файл giant_n02097130_6156.jpg успешно загружен
2026-07-15 15:26:27,542 - __main__ - INFO - [83/117] Загрузка miniature_n02097047_2002.jpg ...
2026-07-15 15:26:27,543 - yandex_api - INFO - Загрузка файла miniature_n02097047_2002.jpg в AllBreeds
2026-07-15 15:26:28,558 - yandex_api - INFO - Файл miniature_n02097047_2002.jpg успешно загружен
2026-07-15 15:26:28,861 - __main__ - INFO - [84/117] Загрузка segugio_n02090722_002.jpg ...
2026-07-15 15:26:28,861 - yandex_api - INFO - Загрузка файла segugio_n02090722_002.jpg в AllBreeds
2026-07-15 15:26:30,231 - yandex_api - INFO - Файл segugio_n02090722_002.jpg успешно загружен
2026-07-15 15:26:30,534 - __main__ - INFO - [85/117] Загрузка setter_n02100735_5821.jpg ...
2026-07-15 15:26:30,534 - yandex_api - INFO - Загрузка файла setter_n02100735_5821.jpg в AllBreeds
2026-07-15 15:26:31,274 - yandex_api - INFO - Файл setter_n02100735_5821.jpg успешно загружен
2026-07-15 15:26:31,576 - __main__ - INFO - [86/117] Загрузка gordon_n02101006_4807.jpg ...
2026-07-15 15:26:31,576 - yandex_api - INFO - Загрузка файла gordon_n02101006_4807.jpg в AllBreeds
2026-07-15 15:26:32,284 - yandex_api - INFO - Файл gordon_n02101006_4807.jpg успешно загружен
2026-07-15 15:26:32,586 - __main__ - INFO - [87/117] Загрузка irish_n02090721_1085.jpg ...
2026-07-15 15:26:32,586 - yandex_api - INFO - Загрузка файла irish_n02090721_1085.jpg в AllBreeds
2026-07-15 15:26:33,584 - yandex_api - INFO - Файл irish_n02090721_1085.jpg успешно загружен
2026-07-15 15:26:33,886 - __main__ - INFO - [88/117] Загрузка sharpei_noel.jpg ...
2026-07-15 15:26:33,886 - yandex_api - INFO - Загрузка файла sharpei_noel.jpg в AllBreeds
2026-07-15 15:26:34,623 - yandex_api - INFO - Файл sharpei_noel.jpg успешно загружен
2026-07-15 15:26:34,925 - __main__ - INFO - [89/117] Загрузка sheepdog_n02105641_8556.jpg ...
2026-07-15 15:26:34,925 - yandex_api - INFO - Загрузка файла sheepdog_n02105641_8556.jpg в AllBreeds
2026-07-15 15:26:35,622 - yandex_api - INFO - Файл sheepdog_n02105641_8556.jpg успешно загружен
2026-07-15 15:26:35,925 - __main__ - INFO - [90/117] Загрузка shetland_n02105855_4302.jpg ...
2026-07-15 15:26:35,925 - yandex_api - INFO - Загрузка файла shetland_n02105855_4302.jpg в AllBreeds
2026-07-15 15:26:36,734 - yandex_api - INFO - Файл shetland_n02105855_4302.jpg успешно загружен
2026-07-15 15:26:37,040 - __main__ - INFO - [91/117] Загрузка shiba_shiba-12.jpg ...
2026-07-15 15:26:37,040 - yandex_api - INFO - Загрузка файла shiba_shiba-12.jpg в AllBreeds
2026-07-15 15:26:37,839 - yandex_api - INFO - Файл shiba_shiba-12.jpg успешно загружен
2026-07-15 15:26:38,141 - __main__ - INFO - [92/117] Загрузка shihtzu_n02086240_3827.jpg ...
2026-07-15 15:26:38,141 - yandex_api - INFO - Загрузка файла shihtzu_n02086240_3827.jpg в AllBreeds
2026-07-15 15:26:38,885 - yandex_api - INFO - Файл shihtzu_n02086240_3827.jpg успешно загружен
2026-07-15 15:26:39,195 - __main__ - INFO - [93/117] Загрузка spaniel_n02086646_2778.jpg ...
2026-07-15 15:26:39,195 - yandex_api - INFO - Загрузка файла spaniel_n02086646_2778.jpg в AllBreeds
2026-07-15 15:26:39,837 - yandex_api - INFO - Файл spaniel_n02086646_2778.jpg успешно загружен
2026-07-15 15:26:40,139 - __main__ - INFO - [94/117] Загрузка blenheim_n02086646_4148.jpg ...
2026-07-15 15:26:40,139 - yandex_api - INFO - Загрузка файла blenheim_n02086646_4148.jpg в AllBreeds
2026-07-15 15:26:41,199 - yandex_api - INFO - Файл blenheim_n02086646_4148.jpg успешно загружен
2026-07-15 15:26:41,501 - __main__ - INFO - [95/117] Загрузка brittany_n02101388_6081.jpg ...
2026-07-15 15:26:41,501 - yandex_api - INFO - Загрузка файла brittany_n02101388_6081.jpg в AllBreeds
2026-07-15 15:26:42,386 - yandex_api - INFO - Файл brittany_n02101388_6081.jpg успешно загружен
2026-07-15 15:26:42,688 - __main__ - INFO - [96/117] Загрузка springer_n02102040_2836.jpg ...
2026-07-15 15:26:42,688 - yandex_api - INFO - Загрузка файла springer_n02102040_2836.jpg в AllBreeds
2026-07-15 15:26:43,361 - yandex_api - INFO - Файл springer_n02102040_2836.jpg успешно загружен
2026-07-15 15:26:43,664 - __main__ - INFO - [97/117] Загрузка stbernard_n02109525_13146.jpg ...
2026-07-15 15:26:43,664 - yandex_api - INFO - Загрузка файла stbernard_n02109525_13146.jpg в AllBreeds
2026-07-15 15:26:45,891 - yandex_api - INFO - Файл stbernard_n02109525_13146.jpg успешно загружен
2026-07-15 15:26:46,195 - __main__ - INFO - [98/117] Загрузка terrier_n02093859_2625.jpg ...
2026-07-15 15:26:46,195 - yandex_api - INFO - Загрузка файла terrier_n02093859_2625.jpg в AllBreeds
2026-07-15 15:26:47,080 - yandex_api - INFO - Файл terrier_n02093859_2625.jpg успешно загружен
2026-07-15 15:26:47,383 - __main__ - INFO - [99/117] Загрузка american_n02093428_15872.jpg ...
2026-07-15 15:26:47,383 - yandex_api - INFO - Загрузка файла american_n02093428_15872.jpg в AllBreeds
2026-07-15 15:26:48,157 - yandex_api - INFO - Файл american_n02093428_15872.jpg успешно загружен
2026-07-15 15:26:48,460 - __main__ - INFO - [100/117] Загрузка andalusian_El-Bodeguero-Andaluz-caracteristicas-de-un-perro-ratonero-perro-cuatro-patas_872f0926-e6bc-4916-913d-5a3156c6fba0_480x480.jpg ...
2026-07-15 15:26:48,460 - yandex_api - INFO - Загрузка файла andalusian_El-Bodeguero-Andaluz-caracteristicas-de-un-perro-ratonero-perro-cuatro-patas_872f0926-e6bc-4916-913d-5a3156c6fba0_480x480.jpg в AllBreeds
2026-07-15 15:26:49,304 - yandex_api - INFO - Файл andalusian_El-Bodeguero-Andaluz-caracteristicas-de-un-perro-ratonero-perro-cuatro-patas_872f0926-e6bc-4916-913d-5a3156c6fba0_480x480.jpg успешно загружен
2026-07-15 15:26:49,606 - __main__ - INFO - [101/117] Загрузка bedlington_n02093647_3582.jpg ...
2026-07-15 15:26:49,607 - yandex_api - INFO - Загрузка файла bedlington_n02093647_3582.jpg в AllBreeds
2026-07-15 15:26:50,272 - yandex_api - INFO - Файл bedlington_n02093647_3582.jpg успешно загружен
2026-07-15 15:26:50,575 - __main__ - INFO - [102/117] Загрузка cairn_n02096177_9880.jpg ...
2026-07-15 15:26:50,575 - yandex_api - INFO - Загрузка файла cairn_n02096177_9880.jpg в AllBreeds
2026-07-15 15:26:51,301 - yandex_api - INFO - Файл cairn_n02096177_9880.jpg успешно загружен
2026-07-15 15:26:51,604 - __main__ - INFO - [103/117] Загрузка dandie_n02096437_4466.jpg ...
2026-07-15 15:26:51,604 - yandex_api - INFO - Загрузка файла dandie_n02096437_4466.jpg в AllBreeds
2026-07-15 15:26:52,176 - yandex_api - INFO - Файл dandie_n02096437_4466.jpg успешно загружен
2026-07-15 15:26:52,479 - __main__ - INFO - [104/117] Загрузка fox_n02095314_613.jpg ...
2026-07-15 15:26:52,479 - yandex_api - INFO - Загрузка файла fox_n02095314_613.jpg в AllBreeds
2026-07-15 15:26:53,370 - yandex_api - INFO - Файл fox_n02095314_613.jpg успешно загружен
2026-07-15 15:26:53,672 - __main__ - INFO - [105/117] Загрузка kerryblue_n02093859_36.jpg ...
2026-07-15 15:26:53,672 - yandex_api - INFO - Загрузка файла kerryblue_n02093859_36.jpg в AllBreeds
2026-07-15 15:26:55,082 - yandex_api - INFO - Файл kerryblue_n02093859_36.jpg успешно загружен
2026-07-15 15:26:55,384 - __main__ - INFO - [106/117] Загрузка lakeland_n02095570_1437.jpg ...
2026-07-15 15:26:55,384 - yandex_api - INFO - Загрузка файла lakeland_n02095570_1437.jpg в AllBreeds
2026-07-15 15:26:56,157 - yandex_api - INFO - Файл lakeland_n02095570_1437.jpg успешно загружен
2026-07-15 15:26:56,459 - __main__ - INFO - [107/117] Загрузка norfolk_n02094114_4332.jpg ...
2026-07-15 15:26:56,459 - yandex_api - INFO - Загрузка файла norfolk_n02094114_4332.jpg в AllBreeds
2026-07-15 15:26:57,164 - yandex_api - INFO - Файл norfolk_n02094114_4332.jpg успешно загружен
2026-07-15 15:26:57,466 - __main__ - INFO - [108/117] Загрузка norwich_n02094258_1778.jpg ...
2026-07-15 15:26:57,466 - yandex_api - INFO - Загрузка файла norwich_n02094258_1778.jpg в AllBreeds
2026-07-15 15:26:58,253 - yandex_api - INFO - Файл norwich_n02094258_1778.jpg успешно загружен
2026-07-15 15:26:58,556 - __main__ - INFO - [109/117] Загрузка patterdale_320px-05078045_Patterdale_Terrier.jpg ...
2026-07-15 15:26:58,556 - yandex_api - INFO - Загрузка файла patterdale_320px-05078045_Patterdale_Terrier.jpg в AllBreeds
2026-07-15 15:26:59,314 - yandex_api - INFO - Файл patterdale_320px-05078045_Patterdale_Terrier.jpg успешно загружен
2026-07-15 15:26:59,616 - __main__ - INFO - [110/117] Загрузка russell_IMG_7468.jpg ...
2026-07-15 15:26:59,616 - yandex_api - INFO - Загрузка файла russell_IMG_7468.jpg в AllBreeds
2026-07-15 15:27:00,335 - yandex_api - INFO - Файл russell_IMG_7468.jpg успешно загружен
2026-07-15 15:27:00,638 - __main__ - INFO - [111/117] Загрузка scottish_n02097298_1790.jpg ...
2026-07-15 15:27:00,638 - yandex_api - INFO - Загрузка файла scottish_n02097298_1790.jpg в AllBreeds
2026-07-15 15:27:01,818 - yandex_api - INFO - Файл scottish_n02097298_1790.jpg успешно загружен
2026-07-15 15:27:02,121 - __main__ - INFO - [112/117] Загрузка sealyham_n02095889_784.jpg ...
2026-07-15 15:27:02,122 - yandex_api - INFO - Загрузка файла sealyham_n02095889_784.jpg в AllBreeds
2026-07-15 15:27:03,067 - yandex_api - INFO - Файл sealyham_n02095889_784.jpg успешно загружен
2026-07-15 15:27:03,370 - __main__ - INFO - [113/117] Загрузка silky_n02097658_3639.jpg ...
2026-07-15 15:27:03,370 - yandex_api - INFO - Загрузка файла silky_n02097658_3639.jpg в AllBreeds
2026-07-15 15:27:04,190 - yandex_api - INFO - Файл silky_n02097658_3639.jpg успешно загружен
2026-07-15 15:27:04,492 - __main__ - INFO - [114/117] Загрузка tibetan_n02097474_5523.jpg ...
2026-07-15 15:27:04,493 - yandex_api - INFO - Загрузка файла tibetan_n02097474_5523.jpg в AllBreeds
2026-07-15 15:27:05,139 - yandex_api - INFO - Файл tibetan_n02097474_5523.jpg успешно загружен
2026-07-15 15:27:05,441 - __main__ - INFO - [115/117] Загрузка weimaraner_n02092339_4169.jpg ...
2026-07-15 15:27:05,441 - yandex_api - INFO - Загрузка файла weimaraner_n02092339_4169.jpg в AllBreeds
2026-07-15 15:27:06,155 - yandex_api - INFO - Файл weimaraner_n02092339_4169.jpg успешно загружен
2026-07-15 15:27:06,457 - __main__ - INFO - [116/117] Загрузка whippet_n02091134_14828.jpg ...
2026-07-15 15:27:06,458 - yandex_api - INFO - Загрузка файла whippet_n02091134_14828.jpg в AllBreeds
2026-07-15 15:27:07,310 - yandex_api - INFO - Файл whippet_n02091134_14828.jpg успешно загружен
2026-07-15 15:27:07,613 - __main__ - INFO - [117/117] Загрузка wolfhound_n02090721_3034.jpg ...
2026-07-15 15:27:07,613 - yandex_api - INFO - Загрузка файла wolfhound_n02090721_3034.jpg в AllBreeds
2026-07-15 15:27:08,476 - yandex_api - INFO - Файл wolfhound_n02090721_3034.jpg успешно загружен
2026-07-15 15:27:08,783 - __main__ - INFO - Отчёт сохранён в results.json
2026-07-15 15:27:08,783 - __main__ - INFO - Готово! Успешно загружено 117 из 117 файлов в папку 'AllBreeds'.
